work_year,experience_level,employment_type,job_title,employee_residence,remote_ratio,company_location,company_size,salario_eur
2022,3,2,33,26,0,25,1,33831.16
2023,2,2,89,75,100,70,1,139656.0
2022,3,2,25,75,0,70,1,92000.0
2022,3,2,33,75,100,70,1,144072.0
2023,3,2,33,75,100,70,1,161000.0
2023,3,2,33,75,100,70,1,202400.0
2023,3,2,47,75,100,70,1,96278.0
2022,2,2,42,29,0,28,1,47578.72
2022,2,2,33,75,100,70,1,82800.0
2023,3,2,47,75,0,70,1,128800.0
2021,0,2,47,75,100,70,1,92000.0
2023,2,2,47,75,0,70,1,97750.0
2023,3,2,23,75,0,70,1,197800.0
2022,2,2,25,75,100,70,1,124200.0
2022,3,2,69,75,0,70,1,151796.32
2022,2,2,25,75,0,70,1,198904.0
2022,0,2,47,75,100,70,1,92000.0
2022,2,2,25,29,0,28,1,396489.64
2023,2,2,33,75,100,70,1,55568.0
2023,3,2,25,75,0,70,1,115000.0
2022,3,2,47,75,100,70,1,191360.0
2023,1,2,4,75,100,70,1,203320.0
2023,3,2,47,75,0,70,1,171028.0
2023,3,2,25,75,0,70,1,161000.0
2023,3,2,47,11,0,12,1,201480.0
2022,3,2,47,75,100,70,2,110400.0
2022,3,2,33,29,100,28,1,75697.6
2023,2,2,69,29,100,28,1,53664.52
2022,3,2,31,75,100,70,1,60720.0
2022,3,2,33,75,0,70,1,138000.0
2022,2,2,7,9,100,70,1,69000.0
2022,2,2,47,5,0,6,0,76517.32
2021,2,2,24,20,100,70,2,88086.32
2020,2,2,47,20,0,20,0,73446.36
2022,3,2,33,75,0,70,1,119600.0
2023,3,2,37,75,0,70,1,92000.0
2023,3,2,25,75,0,70,1,133400.0
2022,2,2,25,75,0,70,0,103960.0
2023,3,2,25,75,0,70,1,165600.0
2022,3,2,8,75,100,70,1,211600.0
2023,0,2,69,75,0,70,1,134214.2
2023,0,2,8,75,0,70,0,101825.6
2020,0,3,47,42,50,41,2,19935.48
2022,3,2,69,75,0,70,1,188140.0
2022,2,2,33,31,100,30,1,57996.8
2022,2,2,73,75,100,70,1,119600.0
2023,3,2,18,75,0,70,1,207000.0
2022,3,2,33,75,0,70,1,119600.0
2023,3,2,47,75,100,70,1,207000.0
2023,3,2,25,75,100,70,1,101200.0
2023,3,2,25,75,0,70,1,97538.4
2023,3,2,4,75,100,70,1,156400.0
2022,3,2,47,75,0,70,0,186576.0
2022,1,2,25,75,100,70,1,101200.0
2022,3,2,47,75,100,70,1,128800.0
2022,3,2,33,75,100,70,1,156400.0
2023,3,2,47,75,0,70,1,225400.0
2023,3,2,33,75,0,70,1,122636.0
2021,2,3,0,39,50,38,1,4976.280000000001
2020,3,2,69,75,50,70,0,138000.0
2022,3,2,25,75,100,70,1,138000.0
2023,3,2,33,75,100,70,1,185334.0
2022,2,2,33,29,100,28,1,67969.6
2022,3,2,69,75,0,70,1,130824.0
2022,3,2,33,75,0,70,0,97244.0
2023,3,2,14,75,100,70,1,92000.0
2022,3,2,47,75,0,70,1,118956.0
2023,3,2,33,75,0,70,1,232944.0
2022,2,2,33,75,0,70,1,22080.0
2022,2,2,68,11,100,12,1,70668.88
2023,0,2,33,75,0,70,1,124200.0
2023,3,2,25,75,100,70,1,128800.0
2023,2,2,47,75,0,70,1,156400.0
2023,3,2,25,75,0,70,1,97060.0
2022,0,2,33,75,100,70,1,110400.0
2023,3,2,69,75,0,70,1,135240.0
2023,3,2,21,75,100,70,1,105800.0
2023,2,2,25,75,0,70,1,138000.0
2023,3,2,37,16,0,17,1,44160.0
2023,2,2,45,75,0,70,1,179400.0
2022,3,2,33,75,0,70,1,119600.0
2022,0,2,25,75,100,70,2,50600.0
2022,3,2,69,75,0,70,1,158424.0
2023,3,2,89,75,0,70,1,134228.0
2023,3,2,88,75,0,70,1,173981.2
2022,3,2,8,75,100,70,1,195776.0
2022,3,2,47,75,100,70,1,193200.0
2022,3,2,33,75,100,70,1,167900.0
2022,2,2,47,11,100,12,1,62189.240000000005
2023,3,2,33,11,100,12,1,133400.0
2023,3,2,69,75,100,70,1,128800.0
2022,3,2,33,75,0,70,1,147273.6
2022,2,2,25,75,0,70,1,138000.0
2022,2,2,69,29,0,28,1,73633.12000000001
2023,3,2,3,38,0,37,0,389927.28
2023,3,2,25,12,100,13,1,39130.36
2022,3,2,47,26,0,25,1,43497.6
2023,3,2,25,75,0,70,1,64400.0
2023,3,2,25,75,100,70,1,69000.0
2022,3,2,33,75,100,70,1,148120.0
2022,3,2,33,75,100,70,1,253000.0
2023,3,2,69,75,0,70,1,138000.0
2021,2,2,47,39,0,38,2,8708.720000000001
2023,2,2,33,75,0,70,1,161000.0
2020,3,2,33,54,0,51,2,30830.120000000003
2022,3,2,47,75,0,70,0,182564.8
2023,3,2,47,75,0,70,1,156400.0
2023,3,2,47,75,0,70,1,135332.0
2022,3,2,33,75,100,70,1,152720.0
2022,0,2,47,5,50,6,1,76517.32
2023,2,2,25,75,0,70,1,56304.0
2023,3,2,25,75,0,70,1,73600.0
2023,3,2,33,75,0,70,1,221720.0
2023,3,2,31,75,0,70,1,103960.0
2022,3,2,47,75,100,70,1,140760.0
2020,0,2,33,60,100,20,0,50362.64
2022,3,2,75,11,100,12,1,209024.0
2022,1,2,74,75,100,70,2,165600.0
2023,3,2,47,75,0,70,1,138000.0
2023,3,2,33,75,0,70,1,168912.0
2021,2,2,7,75,50,70,0,389160.0
2023,2,2,66,75,0,70,1,135240.0
2023,0,2,25,75,100,70,1,69000.0
2022,2,2,47,10,100,10,1,77280.0
2022,0,2,0,75,100,18,2,46000.0
2022,3,2,33,75,100,70,1,119600.0
2022,2,2,17,39,100,38,1,16380.6
2023,2,2,3,26,50,25,0,35540.520000000004
2022,3,2,33,75,100,70,1,151800.0
2021,2,2,47,68,100,37,1,109534.28
2023,0,2,25,75,0,70,1,69000.0
2023,3,2,33,75,0,70,1,74980.0
2023,3,2,25,75,100,70,1,106659.28
2023,3,2,33,75,0,70,1,118680.0
2023,3,2,31,75,100,70,1,165600.0
2023,3,2,25,75,100,70,1,111872.0
2022,0,2,33,57,100,54,0,55096.96
2023,1,2,33,75,0,70,1,138828.0
2022,3,2,47,75,100,70,1,134320.0
2023,3,2,40,75,100,70,1,177560.0
2022,3,2,33,75,100,70,1,127650.0
2022,1,2,60,39,50,38,0,70204.28
2022,3,2,33,75,0,70,1,180044.0
2023,3,2,8,75,0,70,0,146372.0
2023,3,2,33,75,0,70,1,122636.0
2023,3,2,47,75,100,70,1,133400.0
2023,3,2,47,75,0,70,1,156400.0
2023,3,2,33,75,100,70,1,151800.0
2022,2,2,17,11,50,12,0,63602.36
2023,2,2,33,75,0,70,1,137632.0
2022,3,2,45,75,0,70,1,227700.0
2022,2,2,47,75,0,70,1,119600.0
2022,3,2,33,75,0,70,1,71760.0
2023,3,2,25,75,100,70,1,86296.0
2023,3,2,47,75,0,70,1,276220.8
2023,3,2,33,75,0,70,1,128800.0
2023,3,2,25,75,100,70,1,119600.0
2023,3,2,69,75,0,70,1,112884.0
2023,3,2,25,75,100,70,1,174800.0
2022,3,2,33,75,100,70,1,105800.0
2022,1,2,45,75,0,70,1,204828.8
2022,1,2,47,75,100,70,1,146280.0
2023,3,2,33,75,0,70,1,100648.0
2023,2,2,25,75,0,70,1,73600.0
2023,0,2,47,75,0,70,1,114295.28
2023,3,2,69,75,0,70,1,141128.0
2023,3,2,69,75,0,70,1,130824.0
2023,3,2,33,75,0,70,1,231840.0
2023,3,2,23,75,0,70,1,170200.0
2022,0,2,33,75,0,70,1,59800.0
2023,3,2,25,75,0,70,1,96784.0
2022,2,2,33,75,0,70,1,110400.0
2023,2,2,1,27,0,26,1,69018.40000000001
2023,3,2,69,75,0,70,1,150696.0
2023,3,2,45,75,0,70,1,225492.0
2022,3,2,8,75,100,70,1,211600.0
2022,3,2,33,75,100,70,1,161000.0
2023,3,2,69,75,100,70,1,264960.0
2023,3,2,33,75,0,70,1,106720.0
2023,3,2,69,75,0,70,1,130824.0
2023,3,2,33,75,0,70,1,154100.0
2023,3,2,33,75,0,70,1,268180.0
2022,3,2,47,75,0,70,0,147200.0
2023,2,2,25,75,0,70,1,110400.0
2023,3,2,74,75,0,70,1,156400.0
2022,2,2,25,75,100,70,1,106260.0
2022,3,2,33,75,0,70,1,92000.0
2023,2,2,33,75,0,70,1,110400.0
2022,2,0,79,39,100,70,2,55200.0
2022,3,2,33,75,0,70,1,158424.0
2022,3,2,25,75,100,70,1,116840.0
2023,3,2,33,75,0,70,1,165600.0
2023,0,2,33,75,100,70,1,57040.0
2022,2,2,25,75,0,70,1,92000.0
2022,2,2,25,75,0,70,1,96600.0
2022,0,2,47,11,100,12,0,46994.52
2023,3,2,10,57,50,54,0,92000.0
2022,3,2,69,75,100,70,0,179768.0
2023,3,2,33,75,0,70,1,100648.0
2023,3,2,33,75,0,70,1,151800.0
2023,3,2,47,75,100,70,1,125120.0
2022,2,2,33,75,100,70,1,147200.0
2023,0,2,47,75,0,70,1,174800.0
2022,2,2,47,75,100,70,1,92000.0
2023,3,2,47,75,0,70,1,128800.0
2023,3,2,69,75,0,70,1,133400.0
2023,3,2,47,75,100,70,1,185334.0
2022,3,2,25,75,0,70,1,87400.0
2023,3,2,47,75,100,70,1,241040.0
2023,2,2,33,29,0,28,1,117391.08
2023,3,2,47,75,0,70,1,136850.0
2022,3,2,33,75,100,70,1,173604.0
2022,2,2,25,11,0,12,1,59800.0
2023,3,2,47,75,100,70,1,168360.0
2022,3,2,25,75,100,70,1,107640.0
2021,0,2,12,45,100,43,2,8530.24
2020,3,2,16,61,100,28,2,104923.24
2023,3,2,33,75,0,70,1,122636.0
2023,3,2,33,75,100,70,1,119600.0
2023,2,2,33,75,0,70,1,82800.0
2022,3,2,47,75,0,70,0,146280.0
2022,3,2,4,29,0,28,1,95157.44
2021,3,2,45,75,100,70,0,160080.0
2023,3,2,33,75,0,70,1,74980.0
2023,3,2,47,75,100,70,1,142232.0
2022,2,2,51,29,100,28,1,79297.56
2023,3,2,25,26,100,25,1,51336.0
2023,2,2,25,75,100,70,1,110400.0
2022,3,2,33,75,0,70,1,276000.0
2022,3,2,47,75,100,70,1,130203.0
2022,2,2,47,75,0,70,1,93932.0
2022,3,2,25,75,100,70,1,125672.0
2023,3,2,25,75,100,70,1,73600.0
2023,3,2,41,75,0,70,1,59781.600000000006
2022,3,2,31,75,100,70,1,137116.80000000002
2023,3,2,31,75,0,70,1,103960.0
2022,3,2,33,75,100,70,1,130756.84
2023,3,2,25,75,0,70,1,87400.0
2022,3,2,8,75,100,70,1,188600.0
2023,3,2,45,75,0,70,1,110400.0
2022,3,2,33,75,100,70,1,161000.0
2023,2,2,69,75,0,70,1,136620.0
2022,3,2,25,75,100,70,1,142600.0
2022,3,2,33,75,100,70,1,115000.0
2022,3,2,33,75,100,70,1,138000.0
2023,2,2,33,75,0,70,1,87400.0
2022,0,2,12,75,100,70,0,52440.0
2022,3,2,8,75,100,70,1,169280.0
2023,2,2,47,75,0,70,1,82800.0
2021,3,2,69,7,50,8,1,76124.48000000001
2023,3,2,33,75,100,70,1,147200.0
2022,2,2,47,73,0,68,1,9200.0
2022,3,2,47,75,0,70,0,197800.0
2022,3,2,25,75,100,70,1,63480.0
2023,2,2,42,75,0,70,1,82800.0
2022,3,2,33,75,100,70,1,165600.0
2022,2,2,81,11,100,12,2,69000.0
2022,3,2,47,75,100,70,1,128800.0
2022,3,2,33,75,0,70,1,230000.0
2022,3,2,25,75,0,70,1,121440.0
2022,3,2,47,75,100,70,1,170292.0
2022,3,2,33,75,0,70,1,147200.0
2022,3,2,47,75,100,70,1,126034.48
2022,2,2,47,29,0,28,1,79297.56
2022,3,2,33,75,0,70,1,92000.0
2023,3,2,25,75,0,70,1,68243.76000000001
2023,3,2,33,75,0,70,1,231840.0
2020,2,2,33,29,50,28,0,103842.24
2022,1,2,59,75,100,70,1,154445.0
2023,3,2,31,75,0,70,1,110400.0
2023,3,2,33,75,0,70,1,128340.0
2022,3,2,47,75,0,70,0,109756.0
2022,3,2,31,75,100,70,0,120796.0
2022,3,2,31,75,100,70,1,216200.0
2023,3,2,33,75,100,70,1,193200.0
2023,3,2,47,75,0,70,1,75775.8
2023,3,2,33,75,100,70,1,147200.0
2023,2,2,47,28,50,27,0,36800.0
2022,0,2,25,10,100,10,0,7175.08
2023,3,2,69,75,0,70,1,188140.0
2022,3,2,69,75,100,70,1,202400.0
2023,3,2,23,75,0,70,1,156400.0
2022,2,2,37,75,0,70,1,123280.0
2023,1,2,47,75,0,70,1,170200.0
2023,3,2,33,75,100,70,1,156400.0
2022,2,2,33,75,0,70,1,105800.0
2020,3,2,63,58,50,55,2,115000.0
2020,2,2,70,63,0,60,1,46165.6
2023,2,2,47,26,0,25,1,54298.4
2022,3,2,33,75,0,70,1,161000.0
2023,3,2,33,75,0,70,1,154173.6
2022,2,2,47,75,0,70,1,147200.0
2022,2,2,25,75,100,70,1,103040.0
2023,2,2,25,75,0,70,1,92000.0
2022,3,2,47,75,0,70,1,202400.0
2023,0,2,47,75,0,70,1,110400.0
2023,3,2,69,75,0,70,0,123740.0
2022,3,2,33,75,100,70,1,161092.0
2023,3,2,4,75,0,70,1,138000.0
2023,0,2,25,75,100,70,1,69000.0
2023,1,2,47,75,0,70,1,184000.0
2022,3,2,25,75,0,70,1,64400.0
2021,3,2,58,69,100,65,0,94611.88
2023,3,2,33,75,100,70,1,196493.6
2022,0,2,47,44,100,52,0,36800.0
2022,2,2,25,75,0,70,1,138000.0
2023,3,2,33,75,0,70,1,170200.0
2023,2,2,69,75,100,70,1,165600.0
2023,3,2,33,75,0,70,1,133400.0
2022,1,2,59,75,100,70,1,206080.0
2022,1,2,89,57,0,54,0,77328.76000000001
2023,3,2,47,75,0,70,1,193200.0
2022,3,2,69,75,0,70,1,130824.0
2022,2,2,47,29,0,28,1,158595.12
2022,2,2,17,39,50,38,0,16848.88
2023,3,2,33,75,0,70,1,59800.0
2023,3,2,33,75,100,70,1,138000.0
2023,3,2,47,75,100,70,1,216200.0
2023,3,2,47,75,100,70,1,253276.0
2023,3,2,25,75,100,70,1,103040.0
2023,0,2,33,75,100,70,1,85284.0
2023,3,2,47,75,0,70,1,149500.0
2023,3,2,25,75,0,70,1,78200.0
2022,1,2,33,75,100,70,1,222640.0
2022,3,2,47,75,0,70,1,188600.0
2022,3,2,47,75,100,70,1,98256.0
2023,3,2,88,75,0,70,1,186760.0
2022,3,2,33,75,0,70,0,142232.0
2022,3,2,47,75,0,70,1,171028.0
2022,3,2,47,75,100,70,1,224388.0
2023,3,2,69,75,0,70,1,83444.0
2021,3,2,27,20,100,20,0,72861.24
2023,1,2,33,75,100,70,1,263120.0
2022,2,2,25,75,100,70,1,55200.0
2023,2,2,44,29,0,28,1,55900.12
2021,2,2,33,75,100,70,0,103040.0
2022,2,2,33,29,0,28,1,124610.32
2023,3,2,33,75,0,70,1,138000.0
2023,2,2,33,75,100,70,1,92000.0
2022,3,2,4,75,100,70,1,106950.0
2023,3,2,25,75,0,70,1,101752.0
2022,3,2,25,75,100,70,1,107640.0
2023,3,2,88,20,0,20,1,160080.0
2023,3,2,89,75,0,70,1,165600.0
2023,3,2,33,75,100,70,1,149500.0
2022,3,2,25,75,100,70,1,75132.72
2023,3,2,33,75,0,70,1,154928.0
2023,0,2,88,75,0,70,1,115000.0
2022,2,2,47,75,100,70,1,110400.0
2023,3,2,33,75,100,70,1,119600.0
2023,3,2,33,75,0,70,1,170200.0
2023,3,2,33,75,100,70,1,207000.0
2023,3,2,25,75,100,70,1,137540.0
2023,3,2,47,75,0,70,1,118956.0
2021,3,2,47,73,50,68,0,18557.32
2022,2,2,42,29,0,28,1,64571.12
2021,3,2,77,31,100,21,0,81561.68000000001
2023,3,2,33,75,100,70,1,238280.0
2023,3,2,69,75,0,70,1,158424.0
2023,3,2,47,75,0,70,1,171028.0
2022,3,2,47,75,100,70,0,165600.0
2023,3,2,47,75,0,70,1,168360.0
2022,2,2,25,75,100,70,1,59800.0
2022,1,2,4,75,100,70,1,184000.0
2022,3,2,47,75,100,70,1,110400.0
2022,3,2,47,75,0,70,0,165600.0
2023,3,2,47,75,100,70,1,119600.0
2021,2,1,33,42,0,70,0,18400.0
2023,3,2,33,75,0,70,1,149040.0
2023,3,2,33,75,0,70,1,109480.0
2023,3,2,47,75,0,70,1,110400.0
2021,2,2,16,39,0,38,0,20802.120000000003
2023,3,2,33,75,0,70,1,184000.0
2023,3,2,69,75,0,70,1,150696.0
2020,2,2,64,0,0,0,0,105800.0
2023,3,2,25,75,0,70,1,141312.0
2022,3,2,33,75,100,70,1,132480.0
2022,3,2,25,75,100,70,1,82064.0
2023,2,2,33,75,0,70,1,115000.0
2022,3,2,25,75,100,70,1,75132.72
2023,2,2,33,75,0,70,1,149500.0
2023,3,2,47,75,0,70,1,176423.80000000002
2023,2,2,47,75,0,70,1,118450.0
2022,2,2,12,5,100,6,1,49098.560000000005
2023,3,2,45,75,100,70,1,127650.0
2023,3,2,47,75,0,70,1,161000.0
2022,3,2,47,75,100,70,1,176157.0
2023,3,2,8,75,0,70,0,322000.0
2021,3,2,29,75,0,70,0,110400.0
2023,3,2,8,75,0,70,0,239200.0
2021,3,2,74,75,50,70,2,110400.0
2023,3,2,31,75,100,70,1,156400.0
2023,3,2,31,75,100,70,1,115000.0
2023,3,2,31,75,0,70,1,160540.0
2023,3,2,33,75,0,70,1,203320.0
2023,3,2,47,75,100,70,1,145982.84
2023,2,2,33,26,100,25,1,87400.0
2022,2,2,47,29,0,28,1,108751.36
2023,3,2,33,75,100,70,1,98440.0
2023,3,2,25,75,0,70,1,141312.0
2022,3,2,33,75,0,70,1,276000.0
2022,2,2,45,75,100,70,1,146280.0
2021,2,2,66,44,50,42,2,71174.88
2023,3,2,44,75,0,70,1,143888.0
2023,3,2,25,75,100,70,1,73600.0
2023,2,2,33,75,0,70,1,230000.0
2023,3,2,47,75,100,70,1,128800.0
2023,2,2,33,75,0,70,1,119600.0
2021,0,2,47,75,0,70,2,92000.0
2023,3,2,89,75,0,70,1,184000.0
2023,3,2,25,75,100,70,1,82800.0
2023,3,2,47,11,0,12,1,174800.0
2022,3,2,25,75,100,70,1,75132.72
2023,3,2,31,75,0,70,1,230460.0
2022,2,2,33,26,100,25,1,77328.76000000001
2022,2,2,66,75,100,70,1,165600.0
2023,2,2,89,29,0,28,1,180223.4
2022,1,2,33,75,100,70,1,184000.0
2022,3,2,33,26,100,70,1,177560.0
2022,3,2,47,75,100,70,1,101200.0
2023,2,2,5,45,100,43,2,73600.0
2023,3,2,33,29,0,28,1,93129.76
2022,3,2,25,75,0,70,1,113756.16
2022,3,2,31,75,100,70,1,177158.88
2022,3,2,54,75,100,70,1,134504.0
2023,3,2,33,75,0,70,1,104650.0
2023,3,2,47,29,0,28,1,170200.0
2023,3,2,47,75,100,70,1,184000.0
2023,2,2,25,75,0,70,1,82800.0
2022,3,2,33,75,0,70,1,87400.0
2023,3,2,8,75,0,70,0,239200.0
2022,3,2,25,75,0,70,1,109480.0
2022,2,2,47,75,100,70,1,184000.0
2023,3,2,33,75,0,70,1,147200.0
2023,3,2,69,75,0,70,1,221720.0
2021,2,2,47,75,50,70,0,105800.0
2022,2,2,37,75,0,70,1,90160.0
2023,3,2,47,75,100,70,1,113988.0
2023,3,2,33,75,100,70,1,138000.0
2021,0,2,69,20,50,20,1,22837.16
2022,3,2,47,75,100,70,1,176157.0
2023,2,2,33,75,0,70,1,149500.0
2023,3,2,69,75,0,70,0,240580.0
2022,3,2,25,75,0,70,1,73600.0
2023,2,2,47,75,0,70,1,96600.0
2023,3,2,25,75,0,70,1,98256.0
2022,3,2,33,26,0,25,1,67662.32
2023,3,2,33,75,100,70,1,178020.0
2023,3,2,25,75,100,70,1,133400.0
2023,3,2,31,75,100,70,1,105800.0
2022,3,2,31,75,0,70,1,93932.0
2020,2,2,33,4,50,5,0,68199.6
2023,3,2,25,75,100,70,1,230000.0
2022,3,2,33,75,100,70,1,101200.0
2022,3,2,33,75,0,70,1,118956.0
2022,3,2,25,75,100,70,1,75132.72
2023,3,2,41,75,0,70,1,73600.0
2022,1,2,4,75,100,70,1,193200.0
2023,3,2,47,11,0,12,1,131652.0
2021,2,2,33,5,50,6,0,69046.0
2021,3,2,25,75,100,70,0,184000.0
2022,3,2,33,75,100,70,1,149040.0
2022,3,2,47,75,100,70,1,128800.0
2022,3,2,47,75,100,70,2,50600.0
2021,0,2,78,68,50,64,0,61612.4
2020,3,2,33,75,100,70,0,172960.0
2023,3,2,33,75,0,70,1,165600.0
2022,2,2,25,11,0,12,1,69000.0
2023,2,2,69,75,0,70,1,230000.0
2023,3,2,33,75,0,70,1,121716.0
2022,2,2,33,29,100,28,1,73633.12000000001
2023,3,2,89,75,0,70,1,133400.0
2023,3,2,47,75,0,70,1,110400.0
2021,3,2,15,11,50,12,1,91726.76
2023,3,2,33,75,100,70,1,151800.0
2023,3,2,31,75,0,70,1,160540.0
2023,1,2,29,75,0,70,1,142600.0
2021,0,2,33,29,50,28,0,41758.8
2022,3,2,69,11,100,12,1,106812.0
2022,3,2,75,75,100,70,1,345000.0
2022,3,2,54,75,0,70,1,230000.0
2022,2,2,25,11,0,12,1,92000.0
2023,2,2,47,75,0,70,1,172500.0
2021,3,2,27,77,100,28,1,46000.0
2022,3,2,25,75,0,70,1,155480.0
2022,3,2,33,75,0,70,0,211598.16
2021,2,2,16,26,50,61,1,55200.0
2023,3,2,25,75,0,70,1,111964.0
2023,3,2,47,75,0,70,1,124200.0
2022,3,2,47,75,100,70,1,125690.4
2022,3,2,48,75,100,70,0,168360.0
2022,3,2,69,75,0,70,1,178388.0
2022,3,2,47,75,100,70,1,125120.0
2023,0,2,25,75,100,70,1,69000.0
2021,0,3,25,26,50,25,1,9525.68
2020,2,2,47,59,100,70,2,42099.2
2023,3,2,69,75,0,70,1,158424.0
2023,3,2,33,75,0,70,1,73600.0
2021,3,2,33,64,50,28,2,70686.36
2023,2,2,74,75,0,70,2,184000.0
2022,3,2,33,75,100,70,1,57960.0
2020,2,2,33,28,50,27,0,64527.880000000005
2023,3,2,33,75,0,70,1,128340.0
2021,0,2,69,39,100,38,2,18400.0
2021,2,2,69,44,50,42,2,68080.0
2022,3,2,14,75,100,70,1,128800.0
2023,2,2,69,29,100,28,1,44720.28
2023,3,2,25,75,0,70,1,136804.0
2023,0,2,25,75,100,70,1,78200.0
2022,3,2,33,75,100,70,1,184000.0
2023,3,2,25,75,100,70,1,151800.0
2020,2,2,12,75,0,70,1,90160.0
2022,3,2,25,75,100,70,1,83094.40000000001
2023,3,2,25,75,100,70,1,110630.0
2022,3,2,69,75,100,70,1,150880.0
2023,2,2,33,69,100,65,1,69106.72
2022,0,2,11,75,50,70,0,69920.0
2022,3,2,47,75,0,70,1,118956.0
2023,3,2,25,75,0,70,1,73600.0
2023,3,2,4,75,0,70,1,266616.0
2022,2,2,33,75,0,70,1,239200.0
2022,2,2,40,75,100,70,1,55200.0
2023,3,2,42,75,0,70,1,117760.0
2023,2,2,89,75,100,70,1,115000.0
2023,3,2,25,75,0,70,0,95956.0
2022,3,2,47,75,100,70,1,211600.0
2021,2,2,25,75,100,70,0,124200.0
2022,3,2,33,75,0,70,1,150880.0
2022,3,2,25,75,100,70,1,156400.0
2023,3,2,37,75,0,70,1,155480.0
2023,3,2,37,75,0,70,1,96784.0
2022,3,2,47,75,100,70,1,176157.0
2022,3,2,31,75,100,70,1,104788.0
2023,3,2,14,75,100,70,1,101200.0
2023,0,2,88,75,0,70,1,147200.0
2022,3,2,69,75,100,70,1,165600.0
2022,2,2,33,26,100,25,1,77328.76000000001
2023,3,2,25,75,100,70,1,103040.0
2023,3,2,33,75,0,70,1,118680.0
2022,3,2,69,75,100,70,1,92000.0
2022,2,2,40,75,100,70,1,92000.0
2022,3,2,82,39,100,38,0,35101.68
2023,3,2,25,75,0,70,1,142600.0
2021,0,2,5,29,0,28,0,101234.04
2023,3,2,89,75,0,70,1,110400.0
2022,3,2,8,75,100,70,1,188600.0
2023,3,2,25,75,0,70,1,112151.68
2022,0,2,33,75,0,70,1,147200.0
2021,3,2,53,44,0,42,2,154560.0
2023,0,2,25,75,100,70,1,64400.0
2023,3,2,33,75,100,70,1,69000.0
2023,3,2,69,75,0,70,1,169280.0
2022,2,2,47,75,100,70,0,124200.0
2023,3,2,31,75,0,70,1,103960.0
2022,2,2,33,29,100,28,1,73633.12000000001
2022,3,2,47,75,100,70,1,119600.0
2022,3,2,47,75,100,70,1,176157.0
2022,2,2,69,75,0,70,1,211600.0
2023,2,2,89,75,100,70,1,312800.0
2023,3,2,47,75,100,70,1,121440.0
2022,3,2,25,75,100,70,1,184920.0
2022,3,2,33,75,100,70,1,141680.0
2022,3,2,31,75,0,70,1,74980.0
2023,3,2,31,75,100,70,1,104880.0
2023,3,2,4,75,0,70,1,128800.0
2022,3,2,33,75,100,70,1,89240.0
2022,3,2,25,26,0,25,1,46397.44
2022,3,2,25,75,100,70,1,106659.28
2021,3,2,33,75,100,70,0,138000.0
2022,3,2,25,75,0,70,1,101752.0
2020,2,2,47,75,100,70,1,108560.0
2023,2,2,61,29,0,28,1,46955.880000000005
2022,3,2,33,63,0,60,1,67662.32
2023,3,2,25,75,100,70,1,147200.0
2022,2,2,47,75,0,70,1,110400.0
2021,3,2,33,75,100,70,2,105800.0
2023,1,2,33,75,0,70,1,133400.0
2022,3,2,47,75,100,70,1,130203.0
2022,3,2,47,75,0,70,1,138000.0
2023,3,2,33,75,100,70,1,132480.0
2022,3,2,74,75,0,70,1,132480.0
2022,3,2,33,75,0,70,1,171028.0
2023,3,2,8,75,0,70,0,284648.0
2021,0,2,25,5,50,6,0,38665.76
2022,3,2,33,75,100,70,1,147200.0
2023,3,2,25,75,0,70,1,124200.0
2022,2,2,33,75,100,70,1,82800.0
2022,3,2,33,75,0,70,1,118956.0
2023,3,2,33,63,0,60,1,64170.920000000006
2023,3,2,47,75,100,70,1,161000.0
2022,3,2,33,75,0,70,1,110400.0
2023,2,2,33,75,0,70,1,110400.0
2022,3,2,25,11,100,12,1,119600.0
2023,3,2,33,75,100,70,1,57960.0
2022,3,2,66,75,100,70,1,168360.0
2022,3,2,25,75,100,70,1,50600.0
2022,3,2,4,75,100,70,1,212750.0
2023,3,2,4,75,0,70,1,97520.0
2022,3,2,33,75,100,70,1,78200.0
2023,3,2,79,75,0,70,1,216200.0
2023,3,2,25,75,100,70,1,110400.0
2023,3,2,33,75,100,70,1,147200.0
2023,3,2,37,16,0,17,1,59800.0
2022,2,2,69,39,50,38,0,19305.28
2022,3,2,33,75,0,70,1,105800.0
2022,3,2,33,75,0,70,1,96784.0
2022,3,2,25,75,100,70,1,114254.8
2022,3,2,47,75,0,70,1,127822.96
2023,3,2,47,75,0,70,1,218040.0
2023,3,2,69,75,100,70,1,138000.0
2023,3,2,53,11,50,12,1,115631.12
2023,1,2,33,75,100,70,1,285200.0
2023,3,2,47,75,0,70,1,147200.0
2022,1,2,3,75,100,70,2,184000.0
2023,3,2,47,75,100,70,1,133400.0
2023,0,2,16,67,100,63,2,119600.0
2022,3,2,47,75,100,70,1,163300.0
2022,3,2,69,75,0,70,1,188140.0
2023,3,2,89,75,0,70,1,197800.0
2022,3,2,47,75,100,70,1,176157.0
2023,3,2,33,75,0,70,0,221260.0
2022,3,2,31,75,100,70,1,124200.0
2023,3,2,25,75,0,70,1,112240.0
2023,0,2,33,75,0,70,1,78200.0
2022,2,2,69,5,100,6,0,77154.88
2023,0,2,89,75,0,70,1,92000.0
2022,3,2,47,26,0,25,1,34798.08
2023,2,2,74,75,0,70,1,211600.0
2023,3,2,33,75,0,70,1,112240.0
2022,0,2,33,75,0,70,1,147200.0
2022,3,2,69,75,0,70,1,130824.0
2023,3,2,69,75,0,70,1,227700.0
2022,3,2,47,75,0,70,0,129168.0
2023,2,2,25,75,0,70,1,66240.0
2021,3,2,47,75,100,70,0,151800.0
2021,0,2,16,39,0,14,0,5411.4400000000005
2022,3,2,33,75,0,70,1,154100.0
2022,3,2,47,75,0,70,1,171028.0
2022,3,2,47,75,100,70,1,130203.0
2022,2,2,33,47,0,44,1,101610.32
2022,3,2,31,75,0,70,1,117760.0
2022,3,2,47,26,0,25,1,34798.08
2023,3,2,25,75,100,70,1,133400.0
2023,3,2,69,75,0,70,1,261565.2
2022,3,2,33,75,100,70,1,147273.6
2023,3,2,69,75,100,70,1,220800.0
2023,3,2,47,11,0,12,1,174800.0
2023,3,2,47,75,100,70,1,122544.0
2022,3,2,31,75,0,70,1,230000.0
2022,3,2,33,75,100,70,1,124200.0
2022,2,2,47,75,0,70,1,92000.0
2023,3,2,45,54,100,51,1,138000.0
2022,2,2,33,75,0,70,1,76268.0
2023,3,2,66,75,0,70,1,186164.76
2023,3,2,33,75,100,70,1,71760.0
2022,3,2,69,75,0,70,1,227700.0
2023,3,2,33,75,0,70,1,118680.0
2023,3,2,47,49,0,46,1,71081.04000000001
2023,3,2,8,75,100,70,1,188600.0
2023,3,2,33,75,0,70,1,150696.0
2021,2,2,25,29,50,28,0,47397.48
2021,2,2,25,75,0,70,0,57040.0
2022,2,2,67,75,100,70,1,114080.0
2022,2,2,33,75,0,70,1,156400.0
2023,3,2,8,75,100,70,1,169280.0
2022,2,2,54,31,0,30,1,48330.36
2022,0,2,47,26,50,25,1,28998.4
2022,3,2,69,75,0,70,1,133400.0
2022,3,2,47,75,0,70,1,137862.0
2023,3,2,41,75,0,70,1,73600.0
2023,3,2,25,75,0,70,1,48300.0
2023,3,2,47,75,0,70,1,158240.0
2022,3,2,47,75,100,70,1,130203.0
2020,0,2,3,21,50,21,2,42224.32
2022,3,2,33,75,0,70,1,207000.0
2021,0,2,47,28,50,27,1,45674.32
2022,3,2,47,75,100,70,1,322000.0
2021,2,2,47,11,100,12,0,69712.08
2023,3,2,88,75,0,70,1,127880.0
2023,3,2,33,75,100,70,1,117760.0
2022,3,2,47,75,100,70,1,184000.0
2022,3,2,31,75,100,70,1,124200.0
2023,3,2,33,75,0,70,1,114760.8
2022,2,2,3,75,100,70,1,184000.0
2022,3,2,47,75,0,70,1,171028.0
2022,0,2,33,75,0,70,1,124200.0
2022,3,2,33,75,0,70,0,142181.4
2022,3,2,49,75,0,70,1,101200.0
2022,0,2,25,75,50,70,0,46000.0
2023,3,2,47,75,0,70,1,112884.0
2023,2,2,47,37,0,36,1,74042.52
2023,1,2,47,75,0,70,1,184000.0
2023,3,2,33,75,0,70,1,207000.0
2023,3,2,33,75,0,70,1,69000.0
2023,3,2,33,75,100,70,1,266800.0
2023,3,2,33,75,0,70,1,208564.0
2023,3,2,25,75,0,70,1,165765.6
2023,3,2,47,75,100,70,1,218040.0
2022,2,2,4,75,100,70,1,78200.0
2023,3,2,45,75,100,70,1,273516.0
2023,3,2,33,75,0,70,1,118680.0
2023,3,2,69,75,0,70,1,141128.0
2023,3,2,47,75,100,70,1,133400.0
2022,3,2,65,63,100,60,0,63796.48
2022,3,2,31,75,100,70,1,133265.68
2023,1,2,47,75,0,70,1,133400.0
2023,3,2,35,75,0,70,1,184000.0
2022,3,2,33,75,100,70,1,193200.0
2022,3,2,47,75,0,70,1,129168.0
2022,0,2,27,2,100,3,2,11960.0
2022,3,2,47,75,0,70,1,171028.0
2023,3,2,42,71,50,67,1,27096.76
2022,3,2,47,75,0,70,0,147200.0
2022,3,2,47,75,100,70,1,125120.0
2022,3,2,33,75,0,70,1,119600.0
2023,1,2,59,75,0,70,1,180136.0
2021,0,2,47,74,100,69,0,12328.0
2022,2,2,33,75,100,70,1,140760.0
2021,3,2,84,75,100,70,0,216200.0
2021,2,2,59,75,0,70,2,101200.0
2022,3,2,25,75,0,70,1,155480.0
2023,3,2,8,75,0,70,0,125120.0
2023,3,2,25,75,0,70,1,133400.0
2023,3,2,47,75,0,70,1,184147.2
2023,1,2,33,75,0,70,1,243800.0
2022,2,2,33,10,100,10,1,71760.0
2023,3,2,31,75,100,70,1,345993.60000000003
2021,2,2,69,7,100,8,1,81561.68000000001
2021,2,2,47,29,50,28,0,51755.52
2022,2,2,25,75,0,70,1,100280.0
2021,3,2,69,75,50,70,0,170200.0
2022,3,2,47,75,0,70,1,134320.0
2023,3,2,25,75,100,70,1,99360.0
2022,3,2,33,75,100,70,1,202501.2
2023,3,2,7,75,100,70,0,82800.0
2023,3,2,33,75,0,70,0,97244.0
2022,3,2,69,75,100,70,1,138000.0
2023,3,2,89,26,0,25,1,233450.0
2022,3,2,69,75,100,70,0,186668.0
2023,3,2,47,75,100,70,1,273516.0
2022,3,2,33,75,100,70,1,164960.6
2022,2,2,25,26,100,25,1,28998.4
2023,3,2,79,75,0,70,1,124200.0
2023,2,2,59,39,50,38,0,55931.4
2022,3,2,47,75,100,70,1,46000.0
2022,0,2,37,75,100,70,1,71116.0
2022,3,2,31,75,100,70,1,133265.68
2023,3,1,90,56,50,6,1,46000.0
2023,3,2,33,75,0,70,1,208564.0
2023,2,2,33,75,0,70,1,82800.0
2022,3,2,47,75,100,70,1,96498.8
2023,3,2,69,75,100,70,1,169280.0
2022,0,3,25,15,50,70,2,115371.68
2023,3,2,47,75,100,70,1,225400.0
2023,3,2,47,75,0,70,1,134320.0
2023,3,2,69,75,0,70,1,227700.0
2021,3,2,62,75,100,70,0,156400.0
2023,3,2,25,75,0,70,1,78660.0
2023,3,2,89,75,0,70,1,86656.64
2022,3,2,47,75,100,70,1,165600.0
2022,3,2,25,75,0,70,1,101752.0
2022,3,2,33,75,100,70,0,164496.0
2022,3,2,33,75,0,70,1,110400.0
2022,3,2,74,75,0,70,1,118956.0
2022,2,2,47,75,100,70,1,106131.2
2022,0,2,47,75,0,70,1,114295.28
2022,3,2,33,75,0,70,1,93932.0
2023,2,2,47,75,0,70,1,151800.0
2022,3,2,0,11,50,1,2,9200.0
2022,3,2,47,75,100,70,1,128800.0
2022,3,2,77,29,100,28,2,184000.0
2022,3,2,33,75,0,70,1,118956.0
2023,3,2,25,26,0,25,1,37514.84
2023,2,2,47,75,0,70,1,168645.2
2022,3,2,33,75,100,70,1,147563.4
2023,3,2,47,75,0,70,1,143888.0
2023,3,2,8,75,0,70,1,165600.0
2023,3,2,31,75,100,70,1,182160.0
2021,2,2,47,56,100,53,0,46000.0
2023,3,2,33,11,100,12,1,86480.0
2023,3,2,33,75,0,70,1,148856.0
2022,3,2,47,75,100,70,1,113160.0
2022,3,2,88,75,0,70,1,230000.0
2023,1,2,4,75,100,70,1,140760.0
2022,0,2,42,42,50,41,1,22231.8
2023,1,2,33,75,0,70,1,193200.0
2022,0,2,69,29,100,28,2,50977.2
2023,3,2,47,75,0,70,1,239200.0
2022,3,2,75,11,100,12,1,168912.0
2022,3,2,33,75,0,70,1,118956.0
2022,3,2,47,75,100,70,1,95680.0
2022,3,2,47,75,0,70,1,118956.0
2023,1,2,33,75,0,70,1,161000.0
2023,3,2,69,75,100,70,1,292836.0
2020,2,2,47,75,100,70,1,127282.0
2023,0,2,8,75,0,70,0,120299.2
2023,3,2,29,75,0,70,1,188140.0
2022,3,2,69,75,100,70,0,138000.0
2023,3,2,33,75,100,70,1,141312.0
2023,3,2,47,75,0,70,1,154928.0
2022,0,2,47,75,0,70,1,119600.0
2023,3,2,69,75,100,70,1,138000.0
2022,3,2,47,75,100,70,1,202400.0
2022,3,2,47,26,0,25,1,34798.08
2020,3,2,16,29,50,28,1,100302.08
2023,3,2,47,75,100,70,1,154560.0
2023,3,2,69,75,0,70,1,128340.0
2022,3,2,69,75,0,70,1,188140.0
2021,3,2,29,75,100,70,0,128800.0
2022,3,2,4,75,0,70,1,225400.0
2020,2,2,17,75,0,70,1,87400.0
2022,3,2,47,75,0,70,1,171028.0
2023,3,2,33,75,0,70,1,122636.0
2023,3,2,47,75,0,70,1,147045.44
2022,3,2,25,75,100,70,1,156400.0
2023,3,2,47,75,100,70,1,76608.40000000001
2023,3,2,69,75,0,70,1,115920.0
2022,3,2,1,11,0,12,2,253000.0
2022,3,2,47,75,0,70,1,112700.0
2023,3,2,47,75,0,70,1,188600.0
2021,2,2,47,20,50,20,0,81561.68000000001
2022,3,2,47,75,0,70,1,118956.0
2021,3,2,33,75,0,70,0,138000.0
2022,3,2,69,75,100,70,1,165600.0
2022,2,2,3,39,100,70,0,184000.0
2023,3,2,8,75,0,70,0,116012.0
2023,3,2,33,75,0,70,1,115920.0
2023,0,2,88,75,0,70,1,115000.0
2022,3,2,33,75,0,70,1,98256.0
2023,3,2,33,75,100,70,1,69000.0
2022,2,2,69,75,0,70,1,119600.0
2023,3,2,47,11,0,12,1,101200.0
2022,3,2,33,75,0,70,1,98256.0
2023,3,2,33,75,0,70,1,157550.0
2022,3,2,31,75,100,70,1,104788.0
2023,3,2,69,75,0,70,1,236440.0
2022,3,2,33,75,100,70,1,156400.0
2020,0,2,42,39,50,38,1,5250.4400000000005
2023,3,2,4,75,100,70,1,119600.0
2023,3,2,33,75,0,70,1,117760.0
2022,2,2,73,11,50,12,0,96817.12
2022,3,2,25,26,0,25,1,46397.44
2023,3,2,47,75,100,70,1,92000.0
2022,2,2,25,75,0,70,1,132572.0
2022,3,2,33,29,100,28,1,56640.72
2023,3,2,33,75,0,70,1,147200.0
2023,3,2,47,75,0,70,1,171028.0
2023,3,2,33,75,0,70,1,80941.6
2022,3,2,8,75,100,70,1,169280.0
2022,3,2,25,75,100,70,1,106720.0
2022,1,2,45,75,0,70,1,167587.2
2022,3,2,33,75,100,70,1,142600.0
2022,2,2,47,75,100,70,1,71760.0
2023,2,2,69,57,100,54,0,88851.76000000001
2022,3,2,47,75,100,70,1,176157.0
2023,3,2,4,75,0,70,1,110400.0
2023,3,2,33,75,100,70,1,119600.0
2023,2,2,33,75,0,70,1,239200.0
2022,3,2,47,75,100,70,1,176157.0
2022,3,2,25,75,100,70,1,97759.2
2022,3,2,33,75,0,70,1,161000.0
2022,3,2,25,75,100,70,1,106659.28
2022,2,2,33,29,0,28,1,84962.0
2023,3,2,47,75,100,70,1,161000.0
2022,3,2,69,75,100,70,0,120796.0
2022,3,2,47,75,0,70,1,161000.0
2023,0,2,51,75,0,70,1,110400.0
2022,0,2,25,36,0,35,0,13800.0
2022,3,2,25,75,100,70,1,92000.0
2023,2,2,47,4,100,20,1,55285.560000000005
2022,3,2,33,75,0,70,1,91080.0
2023,2,2,25,29,100,28,1,72670.8
2022,3,2,25,75,100,70,1,124200.0
2022,3,2,31,75,100,70,0,120796.0
2023,3,2,47,75,0,70,1,276220.8
2023,3,2,69,11,100,12,1,145360.0
2022,3,2,4,75,0,70,1,110400.0
2023,3,2,47,75,100,70,1,188600.0
2022,0,2,69,2,100,3,0,11040.0
2023,3,2,25,75,100,70,1,86480.0
2022,2,2,37,75,0,70,1,90160.0
2021,0,2,89,29,50,28,0,75925.76000000001
2022,3,2,31,75,0,70,1,129996.0
2021,2,2,47,39,100,70,2,5224.68
2023,1,2,33,75,100,70,1,194040.88
2023,3,2,25,75,0,70,1,97538.4
2022,3,2,33,75,0,70,1,57960.0
2022,3,2,33,75,100,70,1,124200.0
2023,3,2,33,75,100,70,1,98900.0
2023,3,2,33,75,0,70,0,113804.0
2023,3,2,47,75,0,70,1,138000.0
2023,3,2,33,75,100,70,1,213624.0
2023,3,2,1,74,0,69,1,99360.0
2023,2,2,34,75,0,70,1,174800.0
2023,1,2,33,75,0,70,1,184000.0
2022,2,2,25,29,100,28,1,33984.8
2022,3,2,33,75,100,70,1,133400.0
2022,3,2,33,75,0,70,1,97980.0
2022,3,2,45,75,100,70,1,140300.0
2021,0,2,33,39,100,38,0,27993.76
2022,0,2,25,75,0,70,1,50600.0
2023,2,2,47,29,0,28,1,46955.880000000005
2022,3,2,4,75,0,70,1,57960.0
2023,3,2,45,75,0,70,1,275540.0
2022,3,2,25,75,0,70,1,101752.0
2023,2,2,88,75,100,70,1,92000.0
2023,2,2,25,75,0,70,1,97060.0
2022,3,2,33,75,0,70,1,184000.0
2022,2,2,74,75,0,70,1,124200.0
2023,3,2,25,75,0,70,1,140189.6
2021,2,0,66,75,100,70,0,248400.0
2022,3,2,25,29,0,28,1,84962.0
2023,2,2,16,26,100,25,1,44425.880000000005
2022,3,2,33,75,100,70,1,126034.48
2022,2,2,69,75,100,70,2,110400.0
2022,3,2,25,75,0,70,1,119600.0
2023,3,2,47,75,0,70,1,136850.0
2021,2,2,47,10,0,10,2,11868.92
2023,2,2,33,75,0,70,1,110400.0
2022,3,2,47,75,100,70,1,142600.0
2022,1,2,33,75,100,70,1,298080.0
2023,3,2,33,75,100,70,1,204240.0
2023,3,2,69,75,0,70,1,188140.0
2022,3,2,33,75,0,70,1,112792.0
2023,3,2,47,75,0,70,1,96600.0
2021,3,2,33,29,50,28,0,88579.44
2023,3,2,89,75,0,70,1,138000.0
2022,3,2,47,75,0,70,0,129168.0
2021,0,2,69,75,50,70,2,74520.0
2023,0,2,89,75,50,70,0,202400.0
2023,3,2,25,75,0,70,1,161000.0
2022,0,2,25,2,100,3,0,46000.0
2023,3,2,25,75,100,70,1,106659.28
2023,3,2,47,75,0,70,1,71760.0
2022,2,2,33,29,0,28,1,83828.56
2023,3,2,33,75,100,70,1,147200.0
2023,0,2,25,75,100,70,1,55200.0
2023,3,2,18,75,0,70,1,171028.0
2022,3,2,69,75,100,70,1,226320.0
2022,0,2,47,29,50,28,0,30586.32
2023,3,2,69,75,0,70,1,115000.0
2022,2,2,47,75,0,70,1,138000.0
2023,3,2,47,75,0,70,1,110400.0
2023,3,2,69,75,0,70,1,158424.0
2023,3,2,33,75,0,70,1,118680.0
2023,3,2,66,75,0,70,1,202400.0
2022,3,2,33,11,100,12,1,126408.0
2022,3,2,47,75,100,70,1,132480.0
2023,3,2,47,75,0,70,1,112240.0
2022,2,2,25,75,0,70,1,147200.0
2023,3,2,47,75,100,70,1,143888.0
2023,3,2,47,75,0,70,1,165600.0
2021,3,2,64,39,50,38,0,37324.4
2023,3,2,33,75,0,70,1,184000.0
2023,3,2,47,75,0,70,1,147200.0
2023,3,2,47,75,0,70,1,198812.0
2023,3,2,31,75,0,70,1,103960.0
2022,2,2,33,20,50,20,2,60412.72
2022,1,2,58,75,0,70,1,188600.0
2023,0,2,25,75,100,70,1,51612.0
2023,3,2,1,74,0,69,1,55200.0
2023,0,2,88,29,100,28,1,110400.0
2022,3,2,4,75,100,70,1,101200.0
2022,3,2,4,75,100,70,1,212750.0
2023,0,2,88,29,100,28,1,55200.0
2022,3,2,47,75,100,70,1,158240.0
2022,3,2,47,75,0,70,1,81052.0
2022,3,2,33,75,100,70,1,147200.0
2022,3,2,69,75,100,70,1,184920.0
2023,2,2,25,75,0,70,1,151800.0
2022,2,2,33,31,100,30,1,43497.6
2022,2,2,25,75,0,70,1,92000.0
2023,1,2,33,75,0,70,1,101200.0
2023,3,2,47,75,0,70,1,157071.6
2022,3,2,45,75,0,70,1,161000.0
2023,3,2,15,29,100,28,0,139749.84
2023,2,2,47,75,0,70,1,92000.0
2022,2,2,47,29,50,28,1,73633.12000000001
2022,3,2,47,75,0,70,1,143888.0
2023,3,2,33,75,100,70,1,217120.0
2022,3,2,25,75,100,70,1,124200.0
2022,3,2,47,75,100,70,1,130203.0
2021,3,2,69,20,50,20,0,86998.88
2023,3,2,25,75,0,70,1,141312.0
2023,3,2,4,75,0,70,1,196880.0
2023,3,2,69,20,0,20,1,253000.0
2022,0,2,47,75,0,70,1,85560.0
2023,3,2,8,75,100,70,1,169280.0
2022,3,2,33,75,0,70,1,119600.0
2023,2,2,69,29,0,28,1,89440.56
2022,3,2,47,75,0,70,1,176157.0
2023,0,2,25,39,50,38,1,27600.0
2023,3,2,33,75,100,70,1,123096.0
2022,3,2,69,54,100,51,1,170200.0
2022,2,2,47,75,100,70,0,140760.0
2022,3,2,25,75,0,70,1,96600.0
2023,3,2,47,75,100,70,1,218040.0
2023,3,2,33,75,0,70,1,183080.0
2022,2,2,25,75,100,70,1,119600.0
2023,2,2,17,75,50,70,0,96600.0
2020,0,2,47,28,0,27,2,47215.32
2023,2,2,25,75,0,70,1,106720.0
2022,3,2,33,29,100,28,1,39648.32
2023,3,2,33,75,0,70,1,164680.0
2022,3,2,65,20,0,20,1,77328.76000000001
2022,3,2,69,75,0,70,1,151796.32
2022,2,2,74,75,0,70,1,151800.0
2020,3,2,47,75,100,70,0,379040.0
2022,0,2,3,63,100,25,1,28998.4
2023,3,2,47,75,0,70,1,75775.8
2022,3,2,33,75,0,70,1,96600.0
2023,3,2,33,11,100,12,1,147200.0
2022,3,2,47,75,100,70,0,84640.0
2022,2,2,25,31,100,30,1,28998.4
2022,1,2,25,75,100,70,1,119600.0
2023,3,2,89,75,0,70,1,193200.0
2023,3,2,33,75,0,70,1,123125.44
2023,3,2,33,75,100,70,1,130272.0
2022,3,2,33,75,0,70,1,129996.0
2022,0,0,7,72,100,19,1,28031.48
2022,2,2,33,75,100,70,1,138000.0
2023,3,2,47,75,100,70,1,171396.0
2023,2,2,69,75,0,70,1,133400.0
2022,2,2,25,75,100,70,1,94428.8
2023,3,2,4,75,100,70,1,107732.0
2023,3,2,33,75,0,70,0,189152.0
2023,3,2,33,75,0,70,1,208564.0
2023,3,2,37,29,0,28,1,50015.8
2022,3,2,69,75,0,70,1,109480.0
2023,3,2,33,75,100,70,1,201972.2
2023,2,2,33,29,100,28,1,58136.64
2022,3,2,4,29,100,28,1,73637.72
2023,3,2,89,75,0,70,1,193200.0
2020,3,2,45,75,100,70,1,174984.0
2022,2,2,47,75,100,70,1,147200.0
2023,3,2,47,75,100,70,1,133400.0
2023,3,2,4,75,100,70,1,212750.0
2022,2,2,25,68,50,64,1,60036.44
2022,3,2,33,75,100,70,1,212750.0
2023,3,2,69,75,100,70,1,128800.0
2023,3,2,33,75,0,70,1,161920.0
2021,3,2,25,11,100,12,1,66043.12000000001
2023,3,2,47,75,0,70,1,184920.0
2022,2,2,33,29,100,28,1,79297.56
2022,2,2,25,75,0,70,1,116380.0
2023,2,2,47,75,0,70,1,110400.0
2022,3,2,25,75,100,70,1,110952.0
2022,1,2,33,75,0,70,1,184000.0
2023,3,2,41,75,0,70,1,92000.0
2023,3,2,33,75,0,70,1,211600.0
2022,3,2,66,75,0,70,1,220800.0
2022,0,2,69,75,0,70,2,99360.0
2023,3,2,33,75,0,70,1,110400.0
2023,3,2,66,75,0,70,1,184000.0
2022,3,2,69,75,100,70,1,165600.0
2022,2,2,25,75,0,70,1,100280.0
2023,3,2,25,75,0,70,1,101200.0
2023,0,2,1,20,100,20,0,197448.56
2022,3,2,31,75,100,70,1,161000.0
2023,3,2,33,75,0,70,1,138000.0
2022,3,2,33,75,100,70,1,110400.0
2022,3,2,47,75,100,70,1,161000.0
2022,3,2,69,62,100,59,1,124200.0
2023,3,2,47,75,0,70,1,143888.0
2023,3,2,24,57,100,12,0,49361.68
2022,3,2,47,75,100,70,1,124200.0
2022,3,2,47,75,0,70,1,207000.0
2023,0,2,25,75,100,70,1,69000.0
2023,3,2,25,75,0,70,0,186576.0
2023,3,2,47,75,0,70,1,207000.0
2022,3,2,8,75,100,70,1,188600.0
2023,3,2,47,75,0,70,1,137149.92
2023,3,2,47,75,0,70,1,167440.0
2023,3,2,33,75,100,70,1,111780.0
2022,3,2,45,5,100,6,0,123064.72
2023,3,2,47,75,100,70,1,119600.0
2023,3,2,69,75,100,70,1,198720.0
2023,2,2,86,39,100,38,0,15100.88
2022,3,2,25,75,100,70,1,137080.0
2022,3,2,25,75,0,70,1,155480.0
2023,3,2,47,75,100,70,1,94300.0
2023,3,2,45,75,100,70,1,212750.0
2023,2,2,55,29,100,28,1,53105.16
2022,3,2,8,75,100,70,1,169280.0
2022,2,2,5,75,100,70,0,144440.0
2022,3,2,47,75,0,70,1,118956.0
2023,2,2,69,29,100,28,1,58136.64
2023,3,2,47,75,100,70,1,147200.0
2023,2,2,25,75,0,70,1,94944.0
2022,3,2,33,75,100,70,1,82800.0
2022,3,2,33,75,100,70,1,57960.0
2022,0,2,47,75,0,70,1,68576.8
2023,3,2,33,75,0,70,1,208564.0
2023,0,2,25,75,0,70,1,92000.0
2022,3,2,69,75,100,70,1,124200.0
2023,3,2,33,75,100,70,1,147200.0
2022,3,2,33,75,100,70,1,78200.0
2022,3,2,88,75,0,70,1,138000.0
2023,3,2,47,75,0,70,1,184953.12
2022,3,2,33,75,0,70,1,202400.0
2023,3,2,47,75,100,70,1,124200.0
2021,2,2,47,14,100,15,0,36834.96
2023,3,2,4,75,0,70,1,211600.0
2022,2,2,67,75,100,70,1,123280.0
2022,3,2,33,75,0,70,1,276000.0
2023,1,2,33,75,0,70,1,133400.0
2022,3,2,47,75,0,70,1,118956.0
2023,3,2,31,75,100,70,1,104788.0
2022,3,2,33,75,100,70,1,92000.0
2022,3,2,33,75,100,70,1,124200.0
2022,3,2,69,0,100,0,2,110400.0
2023,3,2,4,29,100,28,1,211600.0
2022,0,2,69,75,0,70,0,76360.0
2023,2,2,25,29,0,28,1,39130.36
2023,3,2,89,75,0,70,1,138000.0
2023,1,2,33,75,100,70,1,219880.0
2022,3,2,7,75,100,70,1,138000.0
2022,3,2,25,75,0,70,1,119600.0
2023,3,2,47,75,0,70,1,184920.0
2023,3,2,41,75,0,70,1,92000.0
2023,0,2,47,39,0,38,0,8948.84
2022,3,2,47,75,100,70,1,156400.0
2023,3,2,25,75,0,70,1,92460.0
2021,2,2,47,26,100,25,0,34799.0
2023,2,2,4,75,0,70,1,151800.0
2023,2,2,33,75,0,70,1,92000.0
2023,3,2,33,75,0,70,1,128800.0
2023,3,2,33,75,100,70,1,88412.0
2021,3,2,56,29,50,28,0,56944.32
2022,3,2,25,75,0,70,1,128432.0
2023,3,2,37,75,0,70,1,96784.0
2023,1,2,33,75,0,70,1,101200.0
2023,3,2,33,75,0,70,1,97980.0
2022,3,2,33,75,100,70,1,217120.0
2022,0,2,47,75,100,70,1,92000.0
2022,3,2,25,75,100,70,1,88320.0
2022,3,2,47,75,100,70,1,156400.0
2022,3,2,33,75,0,70,1,92000.0
2023,3,2,47,75,0,70,1,225400.0
2023,3,2,33,75,100,70,1,134425.80000000002
2023,0,2,33,75,0,70,1,67988.0
2023,3,2,25,75,100,70,1,130640.0
2022,3,2,47,75,100,70,1,190440.0
2023,3,2,88,75,0,70,1,92000.0
2022,3,2,47,75,100,70,1,130203.0
2022,0,2,74,42,100,20,2,31898.24
2023,3,2,33,75,0,70,1,134320.0
2023,3,2,42,75,0,70,1,86480.0
2023,3,2,47,75,0,70,1,143888.0
2022,3,2,47,75,100,70,1,161000.0
2023,3,2,31,75,100,70,1,105800.0
2022,2,2,69,13,100,14,0,96321.24
2022,3,2,31,75,100,70,1,124200.0
2023,2,2,70,75,0,70,1,189446.4
2022,2,2,25,75,0,70,1,138000.0
2023,3,2,18,75,0,70,1,118956.0
2022,3,2,70,75,100,70,1,136896.0
2022,2,2,89,20,0,20,2,115993.6
2022,3,2,25,75,100,70,1,118565.0
2023,2,2,89,75,0,70,1,115000.0
2023,0,2,8,75,0,70,0,196567.2
2023,3,2,33,75,0,70,1,100648.0
2023,3,2,33,75,0,70,1,210680.0
2023,3,2,11,75,0,70,1,147200.0
2022,2,2,33,26,100,25,1,43497.6
2023,3,2,89,75,0,70,1,138000.0
2021,2,2,47,39,0,38,1,31103.36
2023,3,2,47,75,0,70,1,231840.0
2022,3,2,4,75,100,70,1,115000.0
2023,2,2,33,26,100,25,1,61208.52
2023,3,2,25,75,0,70,1,165765.6
2022,3,2,47,75,100,70,0,151800.0
2023,3,2,33,75,100,70,1,184000.0
2022,3,2,33,75,100,70,0,92736.0
2023,0,2,33,75,100,70,1,56856.0
2023,3,2,8,75,0,70,0,125120.0
2023,3,2,25,75,0,70,1,97520.0
2022,3,2,25,75,100,70,1,103960.0
2022,3,2,33,75,100,70,1,138000.0
2022,3,2,47,75,100,70,0,145544.0
2022,3,2,25,75,100,70,1,55200.0
2022,3,2,33,75,0,70,1,167384.80000000002
2022,2,2,47,75,0,70,1,101200.0
2023,3,2,47,75,100,70,1,105800.0
2022,3,2,25,26,0,25,1,46397.44
2022,3,2,47,75,100,70,1,34960.0
2022,2,2,47,28,100,27,1,57996.8
2023,3,2,25,75,0,70,1,98256.0
2023,2,2,33,75,0,70,1,93840.0
2022,3,2,89,75,50,70,0,132480.0
2023,3,2,33,75,0,70,1,117760.0
2023,3,2,33,75,0,70,1,231840.0
2023,3,2,33,75,0,70,1,158976.0
2022,2,2,47,29,0,28,1,33984.8
2023,3,2,47,11,0,12,1,129720.0
2022,1,2,33,75,0,70,1,133400.0
2023,3,2,47,75,0,70,1,147045.44
2023,3,2,37,75,100,70,1,105800.0
2022,3,2,25,75,100,70,1,100537.6
2023,2,2,25,29,0,28,1,50310.2
2023,3,2,69,75,0,70,1,156400.0
2022,0,2,25,75,100,70,0,58880.0
2023,3,2,33,75,0,70,1,164836.4
2022,2,2,33,47,0,44,1,72843.76000000001
2023,0,2,25,75,0,70,1,64400.0
2023,3,2,69,75,100,70,1,260544.0
2022,3,2,25,75,100,70,1,125359.2
2022,2,2,47,75,0,70,1,207000.0
2020,2,2,47,75,100,70,0,96600.0
2023,2,2,33,75,0,70,1,110400.0
2022,3,2,33,75,0,70,1,156400.0
2022,2,2,25,11,0,12,1,78200.0
2022,2,2,33,75,0,70,1,138000.0
2023,2,2,25,75,0,70,1,92000.0
2023,3,2,47,75,0,70,1,138000.0
2022,3,2,33,75,100,70,1,78200.0
2022,3,2,47,26,0,25,1,43497.6
2022,3,2,33,75,0,70,1,87400.0
2022,3,2,33,75,100,70,1,129030.0
2022,3,2,47,75,100,70,1,161000.0
2022,3,2,33,75,100,70,1,133400.0
2022,0,2,66,63,100,60,0,19331.96
2022,3,2,47,75,100,70,1,34960.0
2021,0,3,23,21,50,21,2,26320.28
2022,2,2,25,75,0,70,1,92000.0
2022,2,2,33,29,0,28,1,90625.52
2020,2,2,33,75,100,70,0,101200.0
2023,3,2,88,75,0,70,1,161000.0
2022,3,2,31,75,0,70,1,317952.0
2023,3,2,47,26,0,25,1,44425.880000000005
2023,3,2,25,75,100,70,2,73600.0
2022,3,2,25,75,0,70,1,155480.0
2023,0,2,47,13,50,14,0,111405.56
2022,3,2,25,75,0,70,1,64400.0
2021,3,2,23,10,100,10,1,22080.0
2022,3,2,33,75,100,70,1,133400.0
2023,2,2,47,75,100,70,1,138000.0
2022,3,2,47,75,100,70,0,146464.0
2022,3,2,36,42,0,41,0,62829.560000000005
2023,3,2,47,75,100,70,1,82800.0
2022,2,2,47,75,100,70,1,110400.0
2023,3,2,79,75,0,70,1,253000.0
2023,3,2,47,11,0,12,1,206080.0
2023,3,2,33,75,0,70,1,115920.0
2021,2,2,33,75,100,70,0,82800.0
2023,3,2,47,75,100,70,1,220800.0
2022,3,2,47,75,0,70,1,171028.0
2023,3,2,31,75,100,70,1,107640.0
2022,3,2,69,75,100,70,1,110400.0
2022,2,2,25,75,0,70,1,114080.0
2022,2,2,25,75,0,70,1,57040.0
2023,0,2,33,75,0,70,1,147200.0
2022,3,2,54,75,100,70,1,230000.0
2022,3,2,33,75,0,70,1,49680.0
2023,2,2,25,75,0,70,1,48300.0
2022,3,2,47,75,0,70,1,128800.0
2022,3,2,33,75,100,70,1,92000.0
2023,3,2,47,75,0,70,1,149500.0
2023,3,2,8,75,0,70,0,125120.0
2023,2,2,25,75,0,70,1,138000.0
2023,3,2,33,75,0,70,1,74980.0
2023,3,2,34,75,100,70,1,169280.0
2023,3,2,33,75,100,70,1,212750.0
2023,3,2,69,11,100,12,1,247480.0
2023,3,2,47,26,0,25,1,35540.520000000004
2023,2,2,47,29,0,28,1,78260.72
2021,0,2,42,20,0,20,0,70686.36
2021,2,2,47,20,50,20,0,83475.28
2021,3,2,45,75,0,70,0,220800.0
2023,3,2,33,75,0,70,1,121716.0
2022,3,2,33,75,0,70,1,157320.0
2022,3,2,47,75,100,70,1,176157.0
2022,2,2,25,75,0,70,1,73600.0
2020,3,2,84,20,100,20,1,136400.12
2022,2,3,33,20,50,20,0,48330.36
2022,0,2,25,75,0,70,1,44160.0
2022,3,2,33,75,0,70,1,138000.0
2022,0,2,69,75,0,70,1,174570.0
2023,3,2,33,75,0,70,1,147200.0
2022,3,2,33,75,0,70,1,230000.0
2023,3,2,33,37,100,36,1,93787.56
2022,3,2,47,75,100,70,1,176157.0
2022,1,2,33,75,100,70,1,285200.0
2022,2,2,66,75,100,70,0,136620.0
2023,2,2,33,75,0,70,1,165600.0
2023,3,2,25,75,0,70,1,165765.6
2023,3,2,70,28,100,27,1,69106.72
2023,3,2,89,75,0,70,1,184000.0
2022,2,2,26,75,100,70,0,103960.0
2023,3,2,47,75,0,70,1,125120.0
2023,3,2,47,75,0,70,1,171028.0
2023,3,2,69,75,0,70,1,265949.92
2022,2,2,79,19,100,19,1,4721.4400000000005
2023,3,2,45,75,0,70,1,225492.0
2022,0,2,47,35,100,34,1,16269.28
2022,2,2,4,75,100,70,1,92000.0
2022,3,2,33,75,100,70,1,119600.0
2023,0,2,8,75,0,70,0,196567.2
2022,3,2,47,75,0,70,1,143888.0
2023,3,2,74,75,100,70,1,152490.0
2023,3,2,47,75,0,70,1,137149.92
2023,1,2,33,75,0,70,1,216200.0
2023,3,2,47,75,100,70,1,253276.0
2022,3,2,47,75,0,70,1,225400.0
2022,3,2,33,75,0,70,1,101200.0
2023,3,2,33,75,100,70,1,95680.0
2022,3,2,47,75,0,70,1,87906.0
2021,2,2,84,75,100,70,0,138920.0
2023,3,2,33,75,100,70,1,167440.0
2021,3,2,25,20,50,20,0,58724.52
2023,3,2,33,75,0,70,1,118680.0
2022,3,2,33,75,100,70,1,170200.0
2022,3,2,33,75,100,70,1,119600.0
2022,3,2,33,75,100,70,1,289800.0
2022,3,2,25,75,100,70,1,128800.0
2023,3,2,33,75,0,70,1,69000.0
2023,3,2,47,75,0,70,1,96600.0
2022,3,2,54,75,100,70,1,114328.4
2022,3,2,69,75,100,70,1,136896.0
2022,0,2,1,39,50,38,0,276000.0
2022,3,2,33,75,0,70,1,96600.0
2023,2,2,25,75,100,70,1,101200.0
2022,3,2,33,75,0,70,1,123280.0
2023,2,2,47,64,50,61,0,49361.68
2023,3,2,58,63,100,60,0,69106.72
2023,2,2,69,29,0,28,1,100285.52
2022,1,2,58,75,0,70,1,147200.0
2023,3,2,47,75,0,70,1,184147.2
2023,2,2,33,75,0,70,1,133400.0
2022,3,2,33,75,0,70,1,141312.0
2022,3,2,47,75,100,70,1,176157.0
2022,2,2,3,75,0,70,1,110400.0
2023,0,2,1,67,50,63,1,73600.0
2023,3,2,25,75,100,70,1,80040.0
2022,3,2,33,75,100,70,1,101200.0
2022,3,2,33,75,100,70,1,86204.0
2023,3,2,37,75,0,70,1,142600.0
2022,2,2,12,28,50,27,1,96660.72
2022,3,2,47,75,100,70,1,130203.0
2023,3,2,69,75,0,70,1,130824.0
2022,2,2,4,10,100,10,1,44160.0
2022,2,2,33,29,100,28,1,90625.52
2023,3,2,47,75,0,70,1,128800.0
2022,3,2,47,75,100,70,1,128800.0
2023,2,2,33,75,0,70,1,119600.0
2022,2,2,33,26,100,25,1,67662.32
2022,3,2,47,75,100,70,1,176157.0
2020,3,1,23,66,100,70,2,55200.0
2023,0,2,89,75,0,70,1,92000.0
2023,2,2,25,29,100,28,1,40304.28
2022,3,2,45,75,100,70,1,148434.64
2022,3,2,25,75,100,70,1,119646.0
2023,3,2,31,75,100,70,1,165600.0
2023,3,2,47,75,100,70,1,182344.0
2022,3,2,4,75,100,70,1,128800.0
2021,3,2,63,29,100,28,2,94907.2
2023,3,2,8,75,0,70,0,125120.0
2023,3,2,25,39,100,38,2,14541.52
2022,0,2,33,75,0,70,1,124200.0
2023,3,2,33,75,100,70,1,230000.0
2023,3,2,25,75,100,70,1,92000.0
2023,3,2,47,75,100,70,1,192694.0
2023,3,2,25,75,0,70,1,171028.0
2022,3,2,47,75,100,70,1,239200.0
2022,3,2,33,75,0,70,1,110400.0
2023,2,2,47,29,0,28,1,100621.32
2023,2,2,89,75,0,70,1,64400.0
2023,1,2,33,75,100,70,1,285200.0
2023,2,2,25,75,0,70,1,119600.0
2023,3,2,69,11,100,12,1,105800.0
2022,3,2,33,75,100,70,1,121734.4
2022,3,2,29,75,100,70,1,133400.0
2022,3,2,25,75,100,70,1,82064.0
2022,3,2,47,75,0,70,1,187220.0
2022,2,2,25,75,0,70,1,92000.0
2023,3,2,33,75,0,70,1,147200.0
2022,2,2,47,20,100,20,2,56062.96
2023,3,2,89,26,0,25,1,233450.0
2022,3,2,89,75,100,70,1,193200.0
2023,3,2,8,75,0,70,0,204424.0
2023,0,2,17,31,50,30,0,11846.84
2022,2,2,25,29,0,28,1,50977.2
2023,3,2,33,75,0,70,1,102120.0
2022,3,2,47,75,0,70,1,171028.0
2022,3,2,33,75,0,70,1,124200.0
2023,0,2,25,75,100,70,1,59064.0
2023,3,2,45,75,0,70,1,161000.0
2022,3,2,31,75,100,70,1,135976.0
2023,3,2,25,75,100,70,1,87400.0
2022,3,2,31,75,100,70,1,125120.0
2022,3,2,33,75,100,70,1,147200.0
2022,3,2,47,75,100,70,1,161920.0
2022,3,2,33,75,0,70,1,181240.0
2023,3,2,47,75,100,70,1,197846.0
2023,3,2,47,75,100,70,1,156400.0
2022,2,2,4,10,100,10,1,71760.0
2022,3,2,47,75,100,70,1,193200.0
2021,2,2,69,61,100,58,0,42869.240000000005
2022,3,2,33,75,0,70,1,124200.0
2023,3,2,33,75,100,70,1,149500.0
2022,3,2,47,75,100,70,1,188600.0
2022,3,2,69,75,0,70,1,130824.0
2021,2,2,33,75,100,70,0,184000.0
2022,3,2,33,75,0,70,1,140300.0
2022,3,2,66,75,100,70,1,170200.0
2023,3,2,47,75,0,70,1,202400.0
2022,3,2,33,75,100,70,1,118565.0
2022,3,2,47,26,0,25,1,34798.08
2022,3,2,47,75,0,70,1,113528.0
2023,3,2,31,75,0,70,1,209760.0
2022,3,2,33,75,100,70,1,78200.0
2020,2,2,42,75,100,70,0,94760.0
2020,0,2,69,75,100,70,2,126960.0
2023,2,2,69,29,0,28,1,61769.72
2022,3,2,45,75,0,70,1,229319.2
2023,2,2,25,29,0,28,1,67080.88
2023,2,2,33,75,0,70,1,106720.0
2022,2,2,66,75,100,70,1,92000.0
2023,3,2,69,75,0,70,1,188140.0
2023,3,2,33,75,100,70,1,69000.0
2023,2,2,25,75,0,70,1,96949.6
2022,1,2,45,76,0,62,0,97520.0
2023,0,2,23,75,0,70,1,202400.0
2022,3,2,33,75,0,70,1,142600.0
2023,3,2,47,75,0,70,1,123280.0
2023,3,2,89,75,0,70,1,193200.0
2023,0,2,41,56,100,53,0,92000.0
2023,3,2,47,75,100,70,1,253276.0
2022,3,2,29,75,100,70,1,138239.2
2023,3,2,4,75,100,70,1,138000.0
2023,3,2,69,75,0,70,1,130824.0
2022,2,2,49,75,0,70,1,124200.0
2022,3,2,33,75,100,70,1,115920.0
2022,3,2,33,75,0,70,1,220800.0
2022,3,2,69,11,100,12,1,172224.0
2023,3,2,14,75,0,70,1,97520.0
2023,2,2,25,75,100,70,1,101200.0
2023,3,2,69,75,0,70,1,138000.0
2022,1,2,33,75,100,70,1,219880.0
2023,2,2,47,29,0,28,1,72670.8
2022,2,2,25,75,100,70,1,92000.0
2023,3,2,33,75,0,70,1,231840.0
2023,3,2,66,11,100,12,1,101200.0
2023,3,2,33,75,0,70,1,133400.0
2023,2,0,66,75,100,70,2,23460.0
2022,3,2,47,75,0,70,0,92000.0
2023,2,2,33,75,0,70,1,230000.0
2022,3,2,25,75,0,70,1,92000.0
2022,2,2,23,39,100,38,1,14625.24
2023,3,2,31,75,0,70,1,160540.0
2022,3,2,8,75,100,70,1,169280.0
2023,3,2,33,75,0,70,1,98256.0
2023,3,2,47,75,0,70,1,143888.0
2022,3,2,25,75,100,70,1,132480.0
2023,3,2,47,75,100,70,1,183170.16
2021,2,2,33,75,100,70,0,101200.0
2022,2,2,25,75,100,70,1,69000.0
2022,3,2,33,75,0,70,1,147200.0
2023,2,2,47,75,100,70,1,184000.0
2022,3,2,33,75,100,70,1,101660.0
2023,3,2,33,75,100,70,1,168130.0
2022,3,2,33,75,100,70,1,92000.0
2022,0,2,33,75,0,70,1,147200.0
2023,2,2,25,75,0,70,1,124200.0
2023,3,2,33,75,0,70,1,119600.0
2023,3,2,33,29,0,28,1,125999.52
2022,3,2,64,39,0,38,0,52185.16
2023,3,2,88,75,0,70,1,211600.0
2022,2,2,33,10,100,10,1,38640.0
2023,2,2,33,29,100,28,1,61490.04
2023,0,2,25,2,100,70,2,27600.0
2023,3,2,33,75,0,70,1,128800.0
2022,3,2,45,75,100,70,1,184000.0
2022,3,2,4,75,0,70,1,169924.0
2022,3,2,33,75,0,70,1,181240.0
2022,3,2,31,75,100,70,1,147200.0
2020,2,2,63,63,100,70,1,51520.0
2023,3,2,89,75,0,70,1,138000.0
2023,2,2,33,75,0,70,1,82800.0
2020,3,2,47,31,100,70,0,62953.76
2023,2,2,25,75,0,70,1,78200.0
2023,3,2,69,75,0,70,1,115000.0
2023,3,2,47,75,0,70,1,183080.0
2020,0,2,69,75,50,70,0,230000.0
2023,3,2,69,75,100,70,1,292836.0
2022,0,2,3,11,50,12,0,184000.0
2022,3,2,47,75,0,70,1,143888.0
2023,0,3,25,61,100,38,0,16356.68
2022,3,2,47,75,0,70,1,117760.0
2022,3,2,47,75,100,70,1,130203.0
2023,3,2,25,11,100,12,1,124200.0
2022,2,2,33,75,0,70,1,110400.0
2023,3,2,47,26,0,25,1,35540.520000000004
2022,3,2,47,75,0,70,1,125212.0
2023,3,2,69,75,0,70,1,130824.0
2023,3,2,4,75,100,70,1,103960.0
2023,3,2,33,75,0,70,1,96784.0
2021,3,2,45,75,100,27,0,139840.0
2023,3,2,47,75,0,70,1,133400.0
2020,2,2,89,75,0,70,1,414000.0
2023,3,2,33,75,0,70,1,205390.0
2021,2,2,25,39,50,38,0,15551.68
2022,3,2,25,75,100,70,1,124200.0
2022,3,2,47,75,0,70,1,118956.0
2023,2,2,42,75,0,70,1,64400.0
2022,3,2,8,75,100,70,1,130640.0
2022,3,2,29,75,100,70,1,96968.0
2021,2,2,33,32,50,28,2,60740.240000000005
2023,3,2,31,75,100,70,1,156400.0
2022,3,2,69,11,0,12,1,128800.0
2023,0,2,33,75,0,70,1,78200.0
2023,3,2,4,75,0,70,1,165434.4
2023,2,2,62,39,50,38,0,16778.96
2023,3,2,37,75,0,70,1,182896.0
2023,3,2,45,75,0,70,1,275540.0
2023,3,2,47,75,100,70,1,127880.0
2021,2,2,33,75,0,70,1,85698.0
2023,3,2,38,75,0,70,1,135332.0
2022,3,2,31,11,100,12,1,83444.0
2021,2,2,12,75,100,70,1,92000.0
2022,3,2,69,75,0,70,1,118956.0
2023,3,2,47,75,100,70,1,128800.0
2023,2,2,47,29,0,28,1,50310.2
2023,3,2,47,75,100,70,1,143888.0
2022,3,2,33,75,100,70,1,127650.0
2023,2,2,34,75,100,70,1,174800.0
2021,2,2,43,31,100,30,1,36973.880000000005
2023,3,2,25,75,100,70,1,69000.0
2022,3,2,25,75,100,70,1,118565.0
2023,3,2,47,75,0,70,1,105800.0
2023,3,2,37,75,0,70,1,154928.0
2023,3,2,4,75,0,70,1,165434.4
2023,3,2,33,75,0,70,1,141312.0
2022,3,2,25,75,0,70,1,138000.0
2022,3,2,25,75,0,70,1,110400.0
2023,2,2,25,75,100,70,1,69000.0
2023,3,2,25,75,100,70,1,148580.0
2023,3,2,11,75,0,70,1,115000.0
2023,2,2,33,75,100,70,1,64400.0
2023,2,2,33,75,0,70,1,110400.0
2023,0,2,47,75,100,70,1,119600.92
2023,1,2,47,75,0,70,1,133400.0
2022,3,2,47,75,100,70,1,194580.0
2023,2,2,47,75,0,70,1,119600.0
2022,3,2,33,75,100,70,1,141680.0
2023,2,2,33,75,0,70,1,87400.0
2023,3,2,33,75,0,70,1,60248.96
2022,3,2,33,75,0,70,1,119600.0
2022,3,2,33,75,0,70,1,100096.0
2023,3,2,89,75,0,70,1,139656.0
2021,0,2,42,20,50,20,0,58724.52
2022,3,2,33,75,100,70,1,161000.0
2023,3,2,25,75,0,70,1,87400.0
2023,0,2,25,75,100,70,0,55200.0
2022,3,2,47,75,100,70,1,130203.0
2023,3,2,33,75,0,70,1,171028.0
2023,0,2,88,75,0,70,1,110400.0
2022,3,2,25,75,100,70,1,73600.0
2023,3,2,25,11,100,12,1,161000.0
2023,3,2,25,75,100,70,1,110400.0
2023,0,2,47,39,50,38,0,11745.64
2021,3,2,3,26,100,25,0,50600.0
2021,2,2,31,75,100,70,0,138000.0
2022,3,2,31,75,100,70,1,193200.0
2022,2,2,33,75,0,70,1,190163.08
2022,3,2,40,75,0,70,1,96600.0
2023,3,2,25,75,0,70,1,133400.0
2022,3,2,64,75,100,70,0,144318.56
2023,3,2,33,75,0,70,1,133400.0
2023,3,2,4,75,0,70,1,140300.0
2022,3,2,47,75,0,70,1,118956.0
2021,2,2,25,75,0,70,0,69000.0
2022,3,2,69,62,100,59,1,184000.0
2022,2,2,88,75,100,70,1,220800.0
2022,3,2,69,75,0,70,1,184920.0
2022,3,2,33,75,0,70,1,147200.0
2022,3,2,33,75,0,70,1,101200.0
2021,2,2,33,75,0,70,1,102833.0
2022,0,2,33,75,100,70,0,73600.0
2022,3,2,47,75,0,70,0,198076.0
2023,3,2,41,75,0,70,1,66424.0
2022,3,2,25,75,100,6,0,157320.0
2023,2,2,25,75,0,70,1,73600.0
2022,3,2,33,75,100,70,0,168912.0
2022,3,2,33,75,0,70,1,147200.0
2023,2,2,74,75,0,70,1,202400.0
2022,3,2,33,75,100,70,1,156400.0
2022,3,2,47,75,100,70,1,140760.0
2023,3,2,33,75,0,70,1,184000.0
2022,3,2,47,75,100,70,1,110547.2
2022,3,2,33,75,100,70,0,192372.0
2022,3,2,47,75,0,70,1,171028.0
2021,1,0,84,75,100,70,2,382720.0
2023,0,2,88,75,0,70,1,142600.0
2023,3,2,25,75,0,70,1,155480.0
2022,1,2,33,75,100,70,1,198720.0
2023,3,2,33,75,100,70,1,199640.0
2023,3,2,88,75,0,70,1,143382.0
2022,3,2,33,75,100,70,1,147200.0
2022,3,2,28,75,100,70,0,372600.0
2022,3,2,47,75,0,70,0,132480.0
2022,3,2,25,75,0,70,1,110400.0
2022,3,2,33,75,100,70,1,46000.0
2023,3,2,33,75,100,70,1,69000.0
2023,3,2,69,75,0,70,1,119600.0
2021,3,2,47,11,100,12,2,80718.96
2022,3,2,47,75,0,70,1,182564.8
2023,3,2,33,75,0,70,1,83444.0
2022,2,2,89,39,100,38,0,21160.0
2022,3,2,47,75,100,70,1,116380.0
2022,3,2,25,75,100,70,1,161874.0
2023,3,2,47,75,0,70,1,167440.0
2023,3,2,8,75,0,70,0,204424.0
2023,3,2,74,75,100,70,1,207000.0
2023,2,2,25,29,0,28,1,50310.2
2022,3,2,49,75,0,70,1,64400.0
2022,3,2,33,75,0,70,1,175904.0
2022,2,2,33,75,100,70,1,124200.0
2023,3,2,25,75,100,70,1,151800.0
2023,2,2,33,75,0,70,1,149500.0
2023,3,2,31,75,100,70,1,137116.80000000002
2021,0,2,47,75,100,70,2,82800.0
2022,2,2,25,29,0,28,1,39648.32
2022,3,2,47,75,100,70,1,128800.0
2023,3,2,47,75,0,70,1,170200.0
2023,3,2,33,75,0,70,1,138000.0
2023,3,2,47,75,100,70,1,132480.0
2023,3,2,25,75,0,70,1,221260.0
2022,3,2,45,75,100,70,1,165393.0
2022,2,2,89,75,50,70,0,133400.0
2023,3,2,33,75,0,70,1,118680.0
2022,3,2,25,75,100,70,1,59800.0
2022,3,2,31,75,100,70,1,174800.0
2021,2,2,33,75,100,70,0,128800.0
2022,3,2,33,75,100,70,1,207000.0
2022,2,2,64,29,50,28,2,56640.72
2023,3,2,8,75,0,70,0,239200.0
2022,3,2,47,75,0,70,1,74980.0
2023,3,2,47,75,100,70,1,82800.0
2022,3,2,47,75,100,70,0,198076.0
2023,3,2,25,75,100,70,1,177100.0
2023,3,2,33,75,0,70,1,92000.0
2023,3,2,47,75,100,70,1,168360.0
2023,2,2,47,39,100,38,0,15660.24
2021,1,2,12,39,100,70,0,138000.0
2022,3,2,33,75,100,70,1,123979.2
2022,2,2,47,20,100,20,1,67662.32
2023,1,2,33,75,100,70,1,107367.68
2023,2,2,69,75,100,70,0,101200.0
2021,2,2,47,26,100,25,1,43064.28
2020,3,2,47,4,0,5,2,83938.04000000001
2021,2,2,47,75,100,70,2,75900.0
2023,3,2,69,75,0,70,1,188140.0
2021,2,2,33,57,100,54,0,41759.72
2023,0,2,25,75,0,70,1,50600.0
2022,3,2,69,75,100,70,1,78200.0
2020,0,2,25,75,100,70,0,83720.0
2022,2,2,33,75,0,70,1,73600.0
2022,3,2,69,75,100,70,1,171120.0
2022,3,2,47,75,0,70,0,109756.0
2022,3,2,65,39,50,38,0,87755.12000000001
2023,2,2,33,29,100,28,1,53105.16
2022,3,2,25,75,100,70,1,83094.40000000001
2023,1,2,33,75,100,70,1,194040.88
2022,3,2,33,75,0,70,1,71760.0
2022,3,2,33,75,0,70,1,124200.0
2023,3,2,89,75,0,70,1,184000.0
2023,3,2,69,63,100,70,1,138000.0
2023,2,2,69,54,100,51,2,33120.0
2022,0,2,25,11,0,12,1,61640.0
2023,3,2,47,75,0,70,1,174800.0
2022,2,2,74,75,50,70,1,140760.0
2022,0,2,23,63,100,45,1,9200.0
2023,3,2,33,75,0,70,1,118680.0
2023,3,2,31,75,0,70,1,146740.0
2022,3,2,69,75,0,70,1,176640.0
2022,3,2,25,75,100,70,1,106659.28
2023,3,2,69,75,0,70,1,115920.0
2023,3,2,47,75,0,70,1,193706.0
2023,2,2,70,75,0,70,1,157872.0
2023,2,2,47,29,0,28,1,61490.04
2023,3,2,8,75,0,70,0,146372.0
2023,2,2,25,75,0,70,1,82800.0
2023,3,2,33,75,0,70,1,186852.0
2023,3,2,89,75,0,70,1,340400.0
2023,0,2,25,75,0,70,1,44160.0
2022,3,2,33,75,100,70,1,119600.0
2023,3,2,69,75,100,70,1,173696.0
2023,0,2,47,11,100,12,0,47612.76
2023,3,2,89,75,0,70,1,228252.0
2022,3,2,33,75,100,70,1,165600.0
2022,2,2,33,75,100,70,1,172040.0
2022,2,2,47,28,100,27,1,48330.36
2023,3,2,25,75,100,70,1,115000.0
2023,3,2,30,75,0,70,1,96600.0
2023,3,2,47,75,100,70,1,192556.0
2022,3,2,47,75,100,70,1,141680.0
2022,3,2,31,11,100,12,1,177008.0
2022,3,2,33,75,100,70,1,142232.0
2022,3,2,33,75,0,70,1,110400.0
2022,2,2,33,31,100,30,1,67662.32
2023,0,2,47,75,0,70,1,68576.8
2023,3,2,33,75,0,70,1,150696.0
2023,3,2,31,75,100,70,1,173420.0
2023,3,2,33,75,100,70,1,187036.0
2022,3,2,33,75,0,70,1,161000.0
2021,2,2,69,42,50,41,0,46978.880000000005
2022,3,0,25,75,100,70,1,82800.0
2023,3,2,25,75,0,70,1,126500.0
2022,3,2,33,11,0,12,1,121440.0
2021,1,2,53,75,0,70,0,230000.0
2023,3,2,69,75,0,70,1,130824.0
2022,3,2,47,75,0,70,0,132480.0
2023,3,2,33,75,0,70,1,126500.0
2023,2,2,33,69,100,65,1,44425.880000000005
2022,1,2,4,75,100,70,1,124200.0
2023,3,2,47,75,0,70,1,147200.0
2022,3,2,33,75,0,70,0,103960.0
2023,3,2,69,75,0,70,1,119600.0
2022,3,2,89,75,100,70,1,180320.0
2022,3,2,33,75,100,70,1,198720.0
2023,3,2,25,75,0,70,1,64400.0
2023,3,2,33,75,0,70,1,97980.0
2022,2,2,25,75,0,70,1,114080.0
2023,2,2,69,75,0,70,1,184000.0
2022,0,2,23,75,0,70,1,115000.0
2022,3,2,40,75,0,70,1,64400.0
2023,2,2,69,75,100,70,1,138414.0
2023,3,2,33,75,0,70,1,118680.0
2023,3,2,66,75,0,70,1,265949.92
2023,3,2,88,75,0,70,1,136160.0
2023,0,2,33,75,0,70,1,59800.0
2023,3,2,33,75,100,70,1,87400.0
2022,3,2,39,75,100,70,1,74520.0
2023,2,2,33,29,100,28,0,106211.24
2023,3,2,69,75,0,70,1,112884.0
2023,3,2,47,75,0,70,1,138000.0
2022,3,2,4,2,100,70,2,44160.0
2022,3,2,33,75,0,70,1,175904.0
2023,0,2,25,75,100,70,1,87400.0
2023,3,2,47,75,100,70,1,95680.0
2022,0,2,25,28,50,27,1,26098.56
2022,3,2,69,75,100,70,0,186668.0
2022,3,2,47,75,0,70,1,187772.0
2022,3,2,33,75,100,70,0,142232.0
2022,3,2,25,75,100,70,1,109480.0
2021,3,2,45,75,100,70,0,132480.0
2023,3,2,37,75,0,70,1,128800.0
2022,2,2,33,75,100,70,1,73600.0
2023,3,2,4,29,100,28,1,131744.0
2021,1,2,59,66,0,62,1,78200.0
2022,2,2,25,75,0,70,1,48300.0
2022,3,2,33,75,100,70,0,121532.0
2022,3,2,47,75,100,70,1,176157.0
2023,2,2,33,75,0,70,1,93840.0
2022,3,2,25,75,100,70,1,138000.0
2023,3,2,47,75,0,70,1,207000.0
2022,3,2,47,75,0,70,1,227700.0
2022,3,2,47,75,0,70,0,147200.0
2021,2,1,74,60,50,57,1,11040.0
2023,3,2,47,75,100,70,1,145130.0
2022,3,2,33,75,100,70,1,230000.0
2022,3,2,17,75,100,70,0,92000.0
2022,3,2,47,75,100,70,1,130203.0
2022,3,2,47,75,0,70,1,171028.0
2022,3,2,33,75,0,70,1,118956.0
2023,0,2,25,75,100,70,1,78200.0
2022,2,2,47,29,0,28,1,62305.16
2022,3,2,33,75,0,70,1,175904.0
2021,0,2,69,16,50,17,1,20096.48
2023,3,2,89,11,0,12,1,134228.0
2022,3,2,25,75,0,70,1,110400.0
2023,3,2,33,75,0,70,1,98256.0
2022,3,2,33,75,100,70,1,118220.0
2023,3,2,47,75,100,70,1,168820.0
2022,3,2,69,75,100,70,1,147200.0
2022,3,2,25,75,100,70,1,119600.0
2022,2,2,25,75,100,70,1,92000.0
2023,3,2,33,75,100,70,1,156400.0
2022,3,2,47,75,100,70,1,46000.0
2023,3,2,47,11,0,12,1,110400.0
2023,3,2,47,75,100,70,1,143888.0
2022,2,2,57,75,0,70,1,69000.0
2023,3,2,69,75,0,70,1,227700.0
2022,3,2,33,75,0,70,1,133400.0
2022,3,2,33,75,100,70,0,121532.0
2023,3,2,33,75,0,70,1,118956.0
2022,3,2,47,75,0,70,1,81052.0
2022,0,2,47,75,100,70,1,165600.0
2023,3,2,47,75,0,70,1,118956.0
2023,3,2,25,75,100,70,1,109940.0
2023,3,2,14,75,0,70,1,181240.0
2023,3,2,12,20,100,20,1,66145.24
2022,2,2,25,75,0,70,1,147200.0
2022,3,2,47,75,100,70,1,113160.0
2022,3,2,47,75,100,70,1,95680.0
2023,3,2,33,75,0,70,1,119600.0
2022,0,2,33,75,0,70,1,124200.0
2023,3,2,33,75,100,70,1,161000.0
2021,3,0,92,75,100,70,1,96600.0
2022,3,2,33,75,100,70,0,142232.0
2023,3,2,25,75,100,70,1,170200.0
2022,0,2,47,11,100,12,0,67842.64
2023,3,2,47,75,0,70,1,83444.0
2022,2,2,33,29,0,28,1,67969.6
2022,3,2,31,75,100,70,1,137116.80000000002
2022,3,2,33,75,0,70,1,133400.0
2023,3,2,45,75,0,70,1,275540.0
2020,2,2,86,33,0,32,2,18400.0
2023,3,2,47,75,0,70,1,64400.0
2023,2,2,29,75,0,70,1,142600.0
2022,3,2,47,75,0,70,1,118956.0
2020,0,3,66,20,100,20,2,14688.72
2021,0,2,33,20,50,20,1,59811.96
2022,3,2,47,75,100,70,1,136160.0
2022,3,2,69,75,0,70,1,130824.0
2021,0,2,47,28,50,27,0,33711.560000000005
2022,3,2,25,75,100,70,1,138069.0
2022,1,2,33,75,100,70,1,285200.0
2022,3,2,8,75,100,70,1,176157.0
2022,2,2,33,75,100,70,1,138000.0
2023,3,2,4,75,0,70,1,153640.0
2023,0,2,88,75,0,70,1,110400.0
2022,2,2,47,28,100,27,1,86995.2
2022,3,2,33,75,0,70,1,154928.0
2023,2,2,25,29,0,28,1,100621.32
2021,0,2,33,75,100,70,0,66700.0
2023,3,2,33,75,0,70,1,154100.0
2023,3,2,69,75,100,70,1,140840.96
2022,3,2,33,75,0,70,1,119600.0
2023,0,2,88,75,0,70,1,142600.0
2023,3,2,33,75,0,70,1,156400.0
2022,3,2,47,75,0,70,1,200560.0
2023,3,2,33,75,0,70,1,164312.0
2022,3,2,33,75,100,70,1,202400.0
2022,3,2,33,75,0,70,0,142181.4
2023,3,2,47,75,0,70,1,171028.0
2022,3,2,47,75,100,70,1,130203.0
2023,3,2,4,75,100,70,1,161000.0
2023,3,2,47,75,100,70,1,167624.0
2022,2,2,47,75,100,70,1,78200.0
2023,3,2,43,75,0,70,1,128800.0
2022,2,2,33,28,100,27,1,59929.72
2022,2,2,23,28,100,27,2,54130.04
2022,2,2,47,20,0,20,1,56062.96
2023,3,2,25,75,100,70,1,116840.0
2022,3,2,33,75,100,70,1,198720.0
2021,2,2,25,75,100,70,0,85560.0
2023,3,2,89,26,0,25,1,155664.0
2022,3,2,47,75,100,70,1,176157.0
2022,3,2,33,75,100,70,1,184092.0
2022,3,2,33,75,0,70,1,110400.0
2022,2,2,33,75,100,70,1,138000.0
2023,3,2,33,75,0,70,1,110400.0
2022,3,2,66,75,100,70,1,216200.0
2022,3,2,25,75,0,70,1,87400.0
2023,0,2,33,75,0,70,1,115000.0
2023,3,2,47,75,0,70,1,129536.0
2021,2,2,89,11,100,12,1,58705.2
2020,2,2,47,35,50,34,0,32876.200000000004
2021,1,2,42,28,100,25,2,64161.72
2022,3,2,69,75,0,70,1,130824.0
2022,2,2,47,39,100,35,0,49142.72
2023,3,2,25,75,100,70,1,142600.0
2020,3,2,33,31,50,30,0,44067.08
2023,3,2,33,75,100,70,1,148856.0
2023,3,2,31,75,100,70,1,154652.0
2022,3,2,47,75,100,70,1,159160.0
2023,3,2,4,75,100,70,1,253276.0
2023,3,2,47,75,100,70,1,170200.0
2022,3,2,33,75,100,70,1,230000.0
2021,3,2,89,11,50,12,0,88423.96
2022,3,2,33,75,100,70,1,165600.0
2022,0,2,69,29,100,28,0,27600.0
2023,3,2,33,75,100,70,1,138000.0
2022,3,2,47,75,100,70,1,250746.0
2023,2,2,69,29,0,28,1,134161.76
2022,2,2,11,10,100,10,1,44160.0
2021,3,2,81,75,100,70,1,156400.0
2022,2,2,69,75,0,70,1,118956.0
2023,3,2,29,75,100,70,1,147200.0
2022,3,2,45,75,0,70,1,110400.0
2023,3,2,25,75,0,70,1,110400.0
2022,2,2,33,29,0,28,1,101954.4
2022,2,2,25,75,100,70,0,89700.0
2022,3,2,25,75,0,70,1,101752.0
2023,3,2,69,49,0,46,1,35540.520000000004
2021,2,2,3,30,0,29,2,27600.0
2021,1,2,53,42,100,58,0,141373.64
2022,2,2,33,75,100,70,1,110400.0
2021,0,2,72,28,50,27,1,18400.0
2022,3,2,25,75,100,70,1,106659.28
2022,3,2,33,75,100,70,1,124200.0
2023,3,2,47,75,0,70,1,230000.0
2023,3,2,25,75,0,70,1,127880.0
2023,2,2,33,75,0,70,1,87400.0
2022,2,2,33,75,0,70,1,22080.0
2022,3,2,85,75,100,70,0,174800.0
2022,3,2,4,75,0,70,1,101200.0
2023,3,2,21,75,100,70,1,128800.0
2022,2,2,33,75,100,70,1,147200.0
2023,3,2,47,75,100,70,1,161000.0
2022,3,2,47,75,100,70,1,176157.0
2022,3,2,49,75,0,70,1,101200.0
2023,2,2,47,75,0,70,1,133400.0
2023,2,2,74,75,0,70,2,115000.0
2022,3,2,33,75,0,70,1,124200.0
2022,3,2,25,75,0,70,1,153364.0
2023,0,2,33,75,0,70,1,59800.0
2022,0,2,75,50,50,47,2,9200.0
2022,3,2,42,75,0,70,1,112240.0
2023,3,2,47,75,100,70,1,218040.0
2023,3,2,47,75,0,70,1,128800.0
2023,3,2,25,75,100,70,1,189980.0
2022,2,2,33,75,100,70,1,147200.0
2021,2,2,69,69,50,65,0,22837.16
2023,3,2,25,75,0,70,1,98256.0
2022,2,2,25,75,0,70,1,189520.0
2023,3,2,88,75,0,70,1,122360.0
2023,3,2,33,75,100,70,1,165600.0
2023,3,2,33,75,0,70,1,133400.0
2023,3,2,25,75,0,70,1,50600.0
2022,3,2,69,75,0,70,1,228804.0
2022,3,2,69,75,0,70,1,174478.0
2023,3,2,47,75,0,70,1,209760.0
2022,3,2,47,75,0,70,1,86296.0
2022,3,2,4,29,100,28,1,94449.96
2022,2,2,47,57,0,54,1,82161.52
2023,3,2,33,75,0,70,1,276000.0
2022,3,2,25,75,0,70,1,91080.0
2023,2,2,89,75,100,70,1,138000.0
2023,3,2,47,75,0,70,1,171120.0
2023,2,2,45,75,0,70,1,202400.0
2022,3,2,42,75,0,70,1,112240.0
2023,3,2,69,75,0,70,1,188140.0
2022,2,2,25,75,100,70,1,55200.0
2022,3,2,25,75,0,70,1,138000.0
2023,2,2,69,75,0,70,1,80040.0
2023,3,2,4,75,0,70,1,266616.0
2023,3,2,33,75,100,70,1,158792.0
2022,2,2,33,75,0,70,1,87400.0
2023,3,2,47,11,100,12,1,161000.0
2023,3,2,23,75,0,70,1,257600.0
2023,3,2,88,75,0,70,1,138000.0
2023,3,2,47,75,0,70,1,179400.0
2023,3,2,8,75,0,70,0,204424.0
2023,3,2,33,75,100,70,1,57960.0
2023,3,2,25,75,0,70,1,101200.0
2022,3,2,47,75,100,70,1,34960.0
2023,1,2,58,75,0,70,1,303140.0
2023,3,2,70,75,0,70,1,157872.0
2022,3,2,47,75,100,70,1,142600.0
2023,3,2,47,75,0,70,0,113068.0
2022,2,2,69,29,0,28,1,107617.92
2023,2,2,33,75,100,70,1,110400.0
2022,2,2,74,25,100,24,1,20976.0
2022,3,2,33,75,0,70,1,197800.0
2022,3,2,33,75,0,70,0,189152.0
2022,3,2,33,75,0,70,1,207000.0
2023,3,2,66,75,0,70,1,124200.0
2023,1,2,47,75,0,70,1,276000.0
2022,3,2,84,20,100,20,1,143059.08000000002
2021,3,2,84,20,100,20,1,159861.04
2022,3,2,54,75,100,70,1,57960.0
2022,3,2,47,75,100,70,1,130203.0
2022,3,2,33,75,100,70,1,161000.0
2022,2,2,33,75,100,70,1,119600.0
2022,3,2,47,75,100,70,1,130203.0
2022,3,2,47,75,0,70,1,207000.0
2022,3,2,47,75,100,70,1,193200.0
2023,3,2,47,75,0,70,1,128800.0
2023,3,2,25,75,100,70,1,128800.0
2023,2,2,33,75,0,70,1,138000.0
2022,3,2,33,75,0,70,1,202501.2
2022,0,2,47,28,50,27,0,36731.0
2022,3,2,47,75,100,70,1,170200.0
2023,2,2,33,75,100,70,1,82800.0
2021,2,2,47,75,100,70,0,147200.0
2023,3,2,33,75,0,70,1,110400.0
2023,3,2,33,75,0,70,1,123096.0
2022,2,2,33,75,0,70,1,110400.0
2022,3,2,47,75,0,70,1,165048.0
2023,3,2,47,75,0,70,1,207000.0
2022,3,2,33,75,100,70,1,96600.0
2023,3,2,47,75,0,70,1,230000.0
2023,3,2,33,75,100,70,1,218040.0
2021,2,2,62,39,100,38,0,18040.28
2022,2,2,73,75,100,70,1,92000.0
2022,3,2,69,28,100,27,1,67662.32
2023,3,2,33,75,0,70,1,110400.0
2023,3,2,33,75,0,70,1,171028.0
2022,3,2,33,75,100,70,1,211600.0
2023,3,2,33,75,0,70,1,60248.96
2022,3,2,49,75,100,70,0,203596.0
2022,3,2,47,75,100,70,1,138000.0
2021,3,2,19,75,50,70,0,230000.0
2022,2,2,33,26,100,25,1,67662.32
2022,3,2,33,75,0,70,1,141312.0
2023,2,2,89,75,100,70,1,193200.0
2023,2,2,33,26,100,25,1,73600.0
2022,3,2,69,75,100,70,1,177192.0
2022,3,2,47,75,0,70,1,141680.0
2022,3,2,69,75,0,70,1,174478.0
2023,3,2,23,75,0,70,1,216200.0
2022,2,2,25,75,0,70,1,189520.0
2023,3,2,25,75,0,70,1,165600.0
2023,3,2,33,75,100,70,1,104880.0
2023,3,2,33,75,0,70,1,128340.0
2023,3,2,25,75,100,70,1,156860.0
2023,3,2,25,75,0,70,1,171028.0
2023,2,2,47,75,100,70,1,139297.2
2022,3,2,66,75,100,70,0,120796.0
2022,3,2,47,75,100,70,1,130203.0
2022,3,2,33,75,100,70,1,184000.0
2023,3,2,47,75,100,70,1,101200.0
2022,3,2,33,75,0,70,1,87400.0
2023,3,2,69,75,0,70,1,184000.0
2023,1,2,33,75,100,70,1,190440.0
2023,3,2,89,75,0,70,1,230000.0
2023,3,2,4,75,100,70,1,168820.0
2023,3,2,33,75,100,70,1,113712.0
2023,3,2,33,75,0,70,1,121716.0
2023,3,2,47,75,100,70,1,161000.0
2022,3,2,47,75,100,70,1,176157.0
2022,3,2,25,75,0,70,1,106720.0
2023,2,2,25,75,0,70,1,96600.0
2021,0,2,47,39,100,38,1,26127.08
2023,3,2,33,75,0,70,1,100648.0
2022,3,2,69,75,0,70,1,110400.0
2023,0,2,25,75,0,70,1,44160.0
2023,2,2,61,29,0,28,1,39130.36
2023,2,2,47,75,100,70,1,86404.56
2023,3,2,47,75,100,70,1,170200.0
2023,3,2,33,75,0,70,1,86756.0
2022,3,2,47,75,100,70,1,123280.0
2023,3,2,33,75,0,70,1,150696.0
2022,3,2,47,75,100,70,1,95680.0
2022,2,2,25,75,0,70,1,151800.0
2023,3,2,33,75,0,70,1,147200.0
2022,3,2,47,75,0,70,1,139840.0
2022,3,2,25,75,0,70,1,162840.0
2022,3,2,33,75,0,70,1,161000.0
2023,0,2,51,75,0,70,1,138000.0
2023,3,2,4,75,0,70,1,161000.0
2022,3,2,89,75,0,70,1,229540.0
2022,2,2,33,75,0,70,1,92000.0
2022,2,2,7,9,100,70,0,69000.0
2023,2,2,31,75,0,70,1,154100.0
2022,1,2,33,75,100,70,1,219880.0
2022,3,2,69,75,100,70,1,193200.0
2023,1,2,33,75,100,70,1,219880.0
2022,3,2,33,75,0,70,1,169372.0
2021,3,2,33,75,100,70,1,138000.0
2022,3,2,64,37,100,36,0,158524.28
2023,3,2,47,75,100,70,1,168820.0
2022,3,2,47,75,100,70,1,176157.0
2022,3,2,45,75,100,70,0,174340.0
2023,3,2,33,75,100,70,1,212980.0
2022,2,2,25,31,100,30,2,18400.0
2023,3,2,88,75,0,70,1,184000.0
2023,3,2,47,26,0,25,1,35540.520000000004
2023,3,2,25,75,100,70,1,75132.72
2022,3,2,47,75,0,70,1,142600.0
2023,3,2,8,75,100,70,1,188600.0
2023,3,2,33,75,0,70,1,92649.52
2023,3,2,69,75,100,70,1,183080.0
2023,3,2,47,75,0,70,1,118956.0
2022,3,2,25,75,0,70,1,87400.0
2022,3,2,25,75,100,70,1,92000.0
2022,3,2,33,75,0,70,1,105800.0
2023,3,2,40,75,100,70,1,125902.0
2022,2,2,25,75,0,70,1,151800.0
2022,0,2,33,29,100,28,1,39648.32
2023,0,2,8,75,0,70,0,188250.4
2022,3,2,33,75,100,70,1,178480.0
2023,1,2,33,75,0,70,1,188600.0
2023,3,2,4,75,100,70,1,127650.0
2022,3,2,33,75,0,70,1,64400.0
2022,2,2,25,75,0,70,1,59800.0
2023,3,2,8,75,0,70,0,284648.0
2022,3,2,33,75,100,70,1,132480.0
2022,1,2,33,75,100,70,1,273700.0
2022,3,2,70,75,100,70,1,171120.0
2022,3,2,47,75,100,70,1,133400.0
2023,0,2,33,75,0,70,1,78200.0
2023,2,2,29,75,0,70,1,128800.0
2022,0,2,69,75,0,70,1,129030.0
2022,0,1,26,7,100,70,2,46000.0
2023,3,2,25,75,0,70,1,101752.0
2023,3,2,47,75,100,70,1,159160.0
2022,3,2,64,75,100,70,0,176640.0
2022,2,2,33,29,0,28,1,84962.0
2023,3,2,69,75,0,70,1,174800.0
2023,3,2,4,75,100,70,1,103040.0
2023,3,2,89,11,0,12,1,228252.0
2022,0,2,12,20,0,20,0,56062.96
2023,3,2,8,75,100,70,1,169280.0
2022,3,2,25,75,0,70,1,153364.0
2023,3,2,47,75,100,70,1,207000.0
2022,2,2,37,75,0,70,1,123280.0
2022,3,2,47,75,0,70,1,101200.0
2023,1,2,33,75,100,70,1,261280.0
2021,0,2,3,39,100,4,2,16608.760000000002
2022,2,2,47,29,100,28,1,94024.0
2021,3,2,69,39,0,38,0,60963.8
2022,2,2,47,20,0,20,1,58962.8
2023,2,2,37,75,0,70,1,110400.0
2022,3,2,33,75,0,70,1,92000.0
2023,2,2,25,75,0,70,1,141680.0
2020,0,2,89,57,50,54,0,38640.0
2021,3,2,33,75,100,70,0,160080.0
2022,0,2,47,39,100,38,1,16380.6
2022,3,2,25,75,0,70,1,155480.0
2022,2,2,33,75,0,70,1,161000.0
2023,3,2,69,75,0,70,1,100648.0
2023,2,2,47,75,100,70,1,128800.0
2023,3,2,33,75,0,70,1,133400.0
2022,3,2,47,75,0,70,0,110400.0
2022,2,2,25,75,100,70,1,60812.0
2023,3,2,33,75,0,70,0,113804.0
2023,3,2,69,29,0,28,1,93129.76
2022,3,2,25,75,0,70,1,101752.0
2023,3,2,47,37,0,36,1,157550.0
2023,2,2,25,75,0,70,1,189520.0
2022,3,2,47,26,100,28,0,81195.52
2022,3,2,33,75,0,70,1,175904.0
2023,3,2,47,75,100,70,1,133400.0
2022,3,2,33,75,0,70,1,139840.0
2022,2,2,47,75,0,70,1,165600.0
2022,3,2,47,29,0,28,1,101954.4
2022,2,2,33,31,100,30,1,77328.76000000001
2022,2,2,70,63,50,60,0,51230.2
2023,3,2,69,11,100,12,1,87400.0
2023,2,2,25,75,0,70,1,147200.0
2023,3,2,47,75,100,70,1,273516.0
2022,3,2,54,75,0,70,1,57960.0
2022,3,2,25,75,100,70,1,93932.0
2022,3,2,31,75,100,70,1,174800.0
2022,3,2,69,75,100,70,1,176640.0
2022,3,2,47,75,100,70,0,147200.0
2023,3,2,44,75,0,70,1,158424.0
2023,2,2,6,39,100,20,2,64170.920000000006
2022,3,2,25,29,0,28,1,79297.56
2022,3,2,25,75,100,70,1,62928.0
2023,3,2,47,75,100,70,1,262936.0
2022,3,2,7,75,0,70,0,99360.0
2022,2,2,33,75,0,70,1,119600.0
2023,2,2,25,75,0,70,1,73600.0
2022,3,2,47,75,100,70,1,176157.0
2022,1,2,47,75,100,70,1,119600.0
2023,3,2,25,75,100,70,1,73600.0
2023,3,2,25,75,100,70,1,170200.0
2022,2,2,25,75,0,70,2,53360.0
2023,3,2,25,75,0,70,1,97060.0
2023,3,2,33,75,0,70,1,147200.0
2022,2,2,12,20,100,20,2,46397.44
2022,3,2,66,75,100,70,1,223560.0
2023,3,2,47,75,0,70,1,205896.0
2021,0,2,24,75,100,70,1,64400.0
2023,3,2,45,75,0,70,1,225492.0
2022,3,2,45,75,100,70,0,128892.0
2022,3,2,47,75,0,70,1,119820.8
2023,2,2,25,75,0,70,1,114080.0
2023,3,2,47,75,100,70,1,158700.0
2023,3,2,25,75,0,70,1,171028.0
2022,3,2,58,55,100,70,1,184000.0
2022,3,2,31,75,0,70,1,57960.0
2023,3,2,69,75,0,70,1,156400.0
2023,3,2,33,75,0,70,1,74980.0
2022,0,2,33,75,0,70,1,147200.0
2023,3,2,33,75,0,70,1,230000.0
2022,3,2,33,75,0,70,1,141312.0
2022,3,2,25,75,100,70,1,83094.40000000001
2021,3,2,89,63,50,60,0,55896.44
2022,2,2,47,29,0,28,1,56640.72
2022,2,2,33,75,0,70,1,91172.0
2022,0,2,47,75,50,20,1,46000.0
2023,3,2,47,75,0,70,1,135332.0
2022,3,2,25,75,100,70,1,92000.0
2022,3,2,47,75,0,70,1,174800.0
2022,3,2,33,75,0,70,1,133400.0
2023,1,2,47,75,0,70,1,133400.0
2023,3,2,88,75,0,70,1,170200.0
2022,3,2,49,75,100,70,1,87400.0
2023,2,2,25,29,0,28,1,40304.28
2023,1,2,47,75,0,70,1,184000.0
2023,2,2,47,75,0,70,1,168645.2
2023,3,2,33,75,0,70,1,141680.0
2022,3,2,5,75,100,70,0,349600.0
2022,3,2,33,29,0,28,1,67969.6
2022,3,2,39,75,0,70,1,113160.0
2022,3,2,33,75,100,70,1,134320.0
2022,3,2,45,75,100,70,1,189520.0
2023,0,2,25,46,50,70,0,46000.0
2022,3,2,33,75,0,70,1,156400.0
2022,2,2,33,39,50,38,0,32761.2
2023,2,2,69,75,0,70,1,230000.0
2023,0,2,22,56,100,53,0,27600.0
2023,2,2,33,75,0,70,1,134320.0
2022,2,2,33,29,100,28,1,62305.16
2023,2,2,69,75,0,70,1,119600.0
2022,3,2,66,75,100,70,0,179768.0
2022,0,2,68,75,100,70,0,165600.0
2022,3,2,25,75,100,70,1,91770.0
2023,2,2,33,75,0,70,1,119600.0
2023,3,2,75,75,0,70,1,250240.0
2023,3,2,25,75,100,70,1,78200.0
2023,2,2,49,75,0,70,1,73600.0
2023,3,2,47,75,0,70,1,161000.0
2023,3,2,47,75,100,70,1,143520.0
2023,3,2,47,75,0,70,1,110400.0
2022,3,2,4,75,100,70,1,92000.0
2022,3,2,25,26,0,25,1,33831.16
2023,1,2,29,75,0,70,1,128800.0
2023,1,2,59,29,0,28,1,117269.64
2023,2,2,33,75,0,70,1,69000.0
2022,3,2,47,75,0,70,1,73600.0
2023,1,2,59,75,0,70,1,288972.0
2022,3,2,47,75,100,70,1,113160.0
2023,2,2,28,39,50,64,1,16108.28
2023,3,2,33,75,100,70,1,150535.0
2022,2,2,47,28,100,27,1,48330.36
2023,3,2,33,75,0,70,0,97244.0
2022,2,2,33,75,0,70,1,58788.0
2023,3,2,89,26,0,25,1,155664.0
2023,2,2,69,75,100,70,1,128800.0
2023,2,2,47,75,0,70,1,110400.0
2020,2,2,33,20,100,20,2,54558.76
2022,2,1,47,11,100,70,1,92000.0
2022,2,0,4,9,50,9,1,6900.0
2023,3,2,33,75,100,70,1,127880.0
2023,3,2,33,75,0,70,1,100648.0
2023,3,2,33,75,100,70,1,141312.0
2022,3,2,33,75,100,70,1,57960.0
2022,2,2,29,75,0,70,1,142600.0
2022,3,2,33,75,0,70,0,211598.16
2022,3,2,47,75,100,70,1,153640.0
2022,3,2,33,75,100,70,1,181635.6
2023,3,2,69,75,0,70,0,314916.0
2023,3,2,75,75,0,70,1,82800.0
2023,2,2,33,29,0,28,1,95030.48
2023,2,2,33,75,0,70,1,184000.0
2023,3,2,47,75,0,70,1,141036.0
2023,3,2,33,75,0,70,1,231840.0
2023,3,2,25,75,0,70,1,99360.0
2023,3,2,33,75,0,70,1,114540.0
2020,0,2,47,20,50,20,2,57707.920000000006
2022,3,2,47,75,0,70,1,158424.0
2022,0,2,33,75,0,70,1,124200.0
2022,2,2,69,75,0,70,1,119600.0
2022,3,2,33,75,0,70,1,110400.0
2023,3,2,47,75,0,70,1,207000.0
2023,3,2,25,75,100,70,1,110400.0
2023,3,2,25,75,0,70,1,161000.0
2021,3,2,69,39,100,38,0,22394.64
2022,1,2,4,75,100,70,1,144440.0
2023,2,2,69,75,50,70,0,201480.0
2022,2,2,33,29,100,28,1,67969.6
2022,3,2,33,75,100,70,1,93444.4
2022,3,2,25,75,100,70,1,138069.0
2023,3,2,25,75,0,70,1,92460.0
2023,3,2,33,75,0,70,1,110400.0
2023,2,2,25,75,0,70,1,59340.0
2021,2,2,20,68,50,64,0,82150.48000000001
2023,2,2,57,75,100,70,0,119600.0
2023,3,2,33,75,0,70,1,128800.0
2021,2,2,89,28,50,27,2,52198.96
2022,0,2,47,75,0,70,1,78200.0
2021,0,3,24,21,50,21,0,17547.16
2022,3,2,33,75,0,70,1,230000.0
2022,2,2,33,29,100,28,1,50977.2
2022,3,2,47,75,0,70,1,128800.0
2023,3,2,25,75,100,70,1,130640.0
2023,3,2,33,75,0,70,1,74980.0
2023,3,2,25,75,100,70,1,69000.0
2023,3,2,25,75,0,70,1,115552.0
2023,3,2,33,75,100,70,1,124200.0
2023,3,2,33,75,0,70,1,151800.0
2022,0,2,4,75,50,70,0,119600.0
2022,3,2,47,75,100,70,1,182344.0
2023,3,2,33,75,100,70,1,243800.0
2023,3,2,47,75,100,70,1,101200.0
2022,3,2,25,75,0,70,1,142195.2
2022,2,2,25,75,100,70,1,46000.0
2022,3,2,33,75,0,70,1,98256.0
2023,3,2,33,75,100,70,1,138000.0
2023,3,2,31,75,100,70,1,165600.0
2022,3,2,47,75,0,70,0,182564.8
2021,3,2,20,10,100,70,2,147200.0
2022,3,2,45,75,100,70,1,161092.0
2023,0,2,33,75,0,70,1,124200.0
2022,3,2,33,75,0,70,1,118956.0
2020,0,2,25,63,100,60,1,20984.28
2023,3,2,45,75,100,70,1,182344.0
2023,0,2,25,75,100,70,1,69000.0
2023,2,2,33,75,0,70,1,119600.0
2022,3,2,4,75,0,70,1,187220.0
2022,3,2,25,26,0,25,1,33831.16
2023,3,2,33,75,0,70,1,115920.0
2022,3,2,33,75,0,70,1,118956.0
2023,3,2,33,75,0,70,1,69000.0
2022,3,2,69,11,0,12,1,101200.0
2023,2,2,1,75,100,70,1,184000.0
2023,2,2,90,68,100,64,0,69018.40000000001
2020,3,2,69,34,100,33,2,41968.560000000005
2023,3,2,25,75,100,70,1,87400.0
2022,2,2,33,29,100,28,1,84962.0
2022,3,2,47,26,0,25,1,34798.08
2022,3,2,25,75,0,70,1,198904.0
2023,3,2,69,75,0,70,1,135332.0
2023,3,2,25,75,100,70,1,115000.0
2022,2,2,47,75,100,70,1,119600.0
2023,3,2,70,75,0,70,1,189446.4
2022,3,2,25,75,0,70,1,155480.0
2023,3,2,44,75,0,70,1,227700.0
2023,3,2,33,75,0,70,1,156400.0
2022,2,2,86,75,100,70,1,128800.0
2022,3,2,69,75,0,70,1,151796.32
2022,3,2,33,75,0,70,1,57960.0
2023,0,2,89,75,0,70,1,138000.0
2023,3,2,25,75,0,70,1,188140.0
2021,2,2,47,29,50,28,0,107560.88
2023,2,2,33,75,0,70,1,161000.0
2022,3,2,25,26,0,25,1,46397.44
2023,3,2,47,75,100,70,1,182344.0
2020,1,2,53,75,100,70,0,299000.0
2022,3,2,33,75,0,70,1,276000.0
2023,3,2,47,26,0,25,1,44425.880000000005
2023,3,2,23,75,0,70,1,193200.0
2022,3,2,47,75,100,70,1,165600.0
2023,0,2,33,75,0,70,1,78200.0
2022,3,2,33,75,100,70,1,142600.0
2022,3,2,33,75,0,70,1,165140.0
2021,3,2,83,75,100,70,1,184000.0
2023,0,2,33,75,0,70,1,59800.0
2023,3,2,66,75,0,70,1,138000.0
2022,2,2,33,29,0,28,1,96289.96
2022,3,2,33,75,0,70,1,171028.0
2023,2,2,33,75,100,70,1,69000.0
2022,3,2,33,75,0,70,1,91080.0
2023,3,2,25,75,100,70,1,86405.48000000001
2022,3,2,76,75,100,70,0,115000.0
2023,3,2,33,75,0,70,1,128340.0
2022,3,2,33,75,0,70,1,125120.0
2021,2,2,47,39,100,38,2,15551.68
2022,3,2,4,75,100,70,1,127650.0
2022,0,2,1,52,0,49,2,5799.68
2023,2,2,33,75,0,70,1,119600.0
2022,1,2,33,75,100,70,1,172224.0
2022,3,2,25,75,0,70,1,103868.0
2022,3,2,47,75,100,70,1,128800.0
2022,3,2,31,75,100,70,1,192073.0
2023,3,2,25,75,100,70,1,112240.0
2023,3,2,33,75,100,70,1,230000.0
2023,2,2,34,75,100,70,1,147200.0
2022,0,2,47,39,50,38,1,21060.64
2022,3,2,33,75,0,70,1,133400.0
2022,2,2,69,29,50,28,0,117813.36
2022,3,2,33,75,100,70,1,179400.0
2022,0,2,86,75,100,70,1,92000.0
2023,3,2,31,29,100,28,1,126960.0
2022,3,2,33,75,100,70,1,128800.0
2022,1,2,45,75,0,70,1,161092.0
2023,2,2,66,75,0,70,1,147200.0
2023,1,2,31,75,0,70,1,142600.0
2023,3,2,47,75,100,70,1,95680.0
2023,1,2,33,75,0,70,1,180504.0
2023,2,2,47,75,100,70,1,138000.0
2023,0,2,33,75,0,70,1,82800.0
2022,0,2,69,13,100,14,2,52013.12
2023,3,2,47,75,100,70,1,218040.0
2022,3,2,33,75,100,70,1,193200.0
2023,3,2,47,75,100,70,1,170200.0
2022,3,2,25,75,100,70,1,161000.0
2022,2,2,47,75,100,70,1,132664.0
2020,2,2,25,75,100,70,0,78200.0
2023,3,2,33,75,0,70,1,170200.0
2022,3,2,47,75,100,70,1,176157.0
2022,3,2,47,75,100,70,1,91411.2
2022,2,2,47,75,0,70,1,110400.0
2023,2,2,4,75,0,70,1,170844.0
2022,2,2,47,54,100,51,0,27600.0
2023,0,2,47,39,100,70,1,46000.0
2023,3,2,25,75,100,70,1,119600.0
2022,3,2,47,26,0,25,1,43497.6
2023,3,2,47,75,0,70,1,179400.0
2023,3,2,33,75,0,70,1,243800.0
2023,2,2,44,29,0,28,1,67080.88
2023,3,2,33,75,0,70,1,156400.0
2020,0,0,17,75,100,70,0,92000.0
2021,0,2,68,40,50,39,2,92000.0
2022,3,2,4,75,100,70,1,101200.0
2022,3,2,47,75,100,70,1,128800.0
2023,0,2,33,75,0,70,1,124200.0
2022,3,2,20,70,100,66,2,11599.36
2022,3,2,4,75,100,70,1,119600.0
2022,2,2,33,26,100,25,1,57996.8
2023,3,2,14,75,100,70,1,101200.0
2023,2,2,47,28,50,27,1,59234.2
2022,3,2,33,75,0,70,0,211600.0
2023,3,2,25,75,100,70,1,69000.0
2023,2,2,67,75,100,70,1,114080.0
2022,3,2,8,75,100,70,1,180320.0
2023,3,2,47,75,0,70,1,128800.0
2023,0,2,47,75,100,70,1,66154.44
2022,2,2,40,75,100,70,1,55200.0
2022,3,2,33,75,0,70,0,92000.0
2023,0,2,88,75,0,70,1,147200.0
2023,2,2,89,75,0,70,1,78200.0
2023,3,2,31,75,0,70,1,154928.0
2022,3,2,47,75,100,70,0,165600.0
2021,1,2,53,20,50,20,1,119623.92
2021,2,2,31,75,100,70,0,156400.0
2022,3,2,33,75,100,70,1,96600.0
2022,2,2,25,31,100,30,1,38663.92
2023,3,2,8,75,100,70,1,130640.0
2022,0,2,47,75,100,70,0,73600.0
2023,3,2,31,75,0,70,1,103960.0
2022,2,2,69,75,0,70,1,82800.0
2023,3,2,47,75,100,70,1,218960.0
2021,2,2,89,11,100,12,0,172446.64
2023,3,2,89,75,0,70,1,184000.0
2023,3,2,47,75,0,70,1,165600.0
2023,3,2,47,75,100,70,1,168820.0
2022,3,2,25,75,0,70,1,119600.0
2022,3,2,47,75,0,70,1,146923.08000000002
2022,3,2,33,75,0,70,1,165600.0
2022,2,2,25,75,0,70,1,138000.0
2022,3,2,4,75,0,70,1,165600.0
2023,3,2,33,75,0,70,1,231840.0
2022,2,2,47,75,0,70,1,129996.0
2022,0,2,25,75,100,70,0,138000.0
2023,3,2,89,75,0,70,1,184000.0
2023,3,2,25,75,100,70,1,58880.0
2022,3,2,33,75,0,70,1,195960.0
2023,1,2,33,75,100,70,1,219880.0
2022,0,2,33,75,100,70,0,79120.0
2023,2,2,51,75,100,70,1,92000.0
2022,3,2,25,75,100,70,1,83094.40000000001
2022,3,2,47,75,0,70,1,133676.0
2021,1,2,58,75,100,70,0,216200.0
2023,3,2,69,75,0,70,1,130824.0
2023,3,2,33,75,100,70,1,185840.0
2023,2,2,33,75,100,70,1,92000.0
2022,3,2,47,75,0,70,1,136896.0
2022,0,3,47,23,50,22,1,92000.0
2022,3,2,25,75,0,70,0,105800.0
2022,0,2,47,75,0,70,1,67160.0
2023,2,2,47,29,0,28,1,46955.880000000005
2023,3,2,4,75,100,70,1,184000.0
2023,2,2,25,75,0,70,1,92000.0
2023,3,2,33,75,0,70,1,156400.0
2023,2,2,47,75,100,70,1,107630.8
2023,3,2,47,75,100,70,1,156400.0
2023,2,2,47,37,0,36,1,88851.76000000001
2023,3,2,47,75,0,70,1,116380.0
2023,3,2,69,75,100,70,1,171120.0
2022,3,2,53,28,50,27,0,53163.12
2023,3,2,33,75,0,70,1,105800.0
2023,3,2,47,75,0,70,1,220568.16
2022,2,2,33,29,100,28,1,67969.6
2023,3,2,31,75,100,70,1,105800.0
2023,3,2,47,75,0,70,1,118956.0
2022,3,2,8,75,100,70,1,150880.0
2023,3,2,33,75,100,70,1,134320.0
2022,2,2,40,75,100,70,1,92000.0
2021,0,2,12,75,50,70,2,50600.0
2023,3,2,47,75,0,70,1,110400.0
2023,2,2,69,75,0,70,1,138000.0
2022,2,2,47,61,100,58,0,30920.28
2022,3,2,25,75,100,70,1,95680.0
2023,3,2,69,75,0,70,1,150696.0
2022,2,2,25,39,100,38,0,13162.44
2023,3,2,47,75,0,70,1,161000.0
2023,3,2,4,75,0,70,1,165434.4
2023,3,2,33,75,0,70,1,207000.0
2022,3,2,33,75,100,70,1,193200.0
2022,3,2,47,75,100,70,1,138000.0
2020,2,2,62,75,100,70,0,80040.0
2023,3,2,47,75,100,70,1,171396.0
2023,3,2,33,75,0,70,1,220800.0
2023,3,2,4,75,100,70,1,140668.0
2022,0,2,25,17,50,70,1,18400.0
2022,3,2,25,75,0,70,1,132572.0
2022,2,2,47,57,50,54,0,67662.32
2022,1,2,74,75,100,70,2,184000.0
2023,3,2,47,75,100,70,1,195730.0
2022,2,2,47,66,100,70,2,44160.0
2023,3,2,33,75,0,70,1,171028.0
2023,2,2,25,29,0,28,1,89440.56
2023,3,2,33,75,0,70,1,231840.0
2023,3,2,33,75,0,70,1,165600.0
2023,2,2,34,75,0,70,1,168645.2
2023,3,2,47,11,100,12,1,110400.0
2022,2,2,69,75,0,70,1,178388.0
2023,2,2,47,71,50,67,0,22760.8
2022,2,2,47,73,50,68,1,23000.0
2022,3,2,33,75,0,70,1,92000.0
2022,3,2,33,75,100,70,0,163392.0
2020,0,2,25,39,0,38,2,5586.240000000001
2022,3,2,33,75,100,70,1,167440.0
2022,0,2,69,75,50,70,0,105800.0
2023,3,2,33,75,100,70,1,185840.0
2023,2,2,33,54,100,51,1,66240.0
2023,3,2,4,75,0,70,1,119600.0
2023,3,2,79,75,0,70,1,161000.0
2022,3,2,25,75,0,70,1,101200.0
2022,3,2,25,75,0,70,1,101752.0
2022,3,2,33,75,0,70,1,119600.0
2022,2,2,33,75,0,70,1,110400.0
2023,2,2,25,75,0,70,1,55200.0
2022,2,2,47,75,0,70,1,82800.0
2023,0,2,7,20,50,20,1,39489.16
2023,3,2,47,75,100,70,1,253276.0
2023,3,2,25,75,0,70,1,111964.0
2022,3,2,47,75,100,70,1,148580.0
2022,3,2,66,75,100,70,1,119600.0
2022,3,2,33,75,0,70,1,142600.0
2023,3,2,30,75,0,70,1,78200.0
2023,3,2,33,75,100,70,1,74980.0
2023,0,2,47,10,100,10,0,17960.24
2022,3,2,69,75,100,70,1,193200.0
2022,3,2,33,75,0,70,1,69000.0
2022,0,3,25,75,100,70,2,31574.4
2022,3,2,33,75,100,70,0,164496.0
2023,3,2,25,75,100,70,1,96600.0
2022,2,2,11,10,100,10,1,71760.0
2022,2,2,69,29,0,28,1,96289.96
2023,2,2,25,75,100,70,1,138000.0
2023,2,2,25,75,0,70,1,103040.0
2023,2,2,33,75,0,70,1,149500.0
2022,3,2,33,75,0,70,1,82800.0
2021,2,2,33,61,100,58,0,26197.92
2022,3,2,4,75,100,70,1,151800.0
2023,2,2,31,75,0,70,1,97980.0
2022,3,2,47,75,0,70,1,165600.0
2023,3,2,47,75,100,70,1,253276.0
2022,2,2,25,75,0,70,1,138000.0
2022,3,2,21,75,100,70,1,174800.0
2023,2,2,33,75,0,70,1,132355.80000000002
2022,3,2,69,27,50,26,2,57996.8
2022,0,3,25,26,100,70,0,23198.72
2020,0,2,47,28,0,27,1,36722.72
2022,3,2,47,75,100,70,0,84640.0
2022,3,2,25,75,100,70,1,83094.40000000001
2023,3,2,45,75,0,70,1,176423.80000000002
2022,3,2,25,75,0,70,1,150880.0
2023,3,2,69,75,0,70,1,158424.0
2023,3,2,37,75,0,70,1,103040.0
2022,3,2,47,75,0,70,0,95956.0
2023,2,2,33,75,100,70,1,64400.0
2022,3,2,25,75,100,70,1,91494.0
2023,3,2,14,75,100,70,1,128800.0
2022,3,2,47,75,100,70,1,130203.0
2023,3,2,47,11,0,12,1,237360.0
2022,3,2,47,75,100,70,1,136160.0
2021,2,2,33,73,0,68,1,11134.76
2023,0,2,33,20,100,20,0,24680.84
2023,3,2,25,75,0,70,1,124200.0
2021,2,2,33,64,0,70,0,23924.6
2023,3,2,47,75,0,70,1,250746.0
2022,2,2,47,39,100,38,0,12869.88
2022,3,2,47,75,0,70,1,151800.0
2023,3,2,33,75,0,70,1,231840.0
2021,0,2,17,48,100,45,0,54373.84
2022,3,2,69,75,100,70,1,184920.0
2022,0,2,12,10,100,10,0,5768.400000000001
2023,3,2,45,54,100,51,1,82800.0
2021,2,2,16,51,0,48,2,16560.0
2023,2,2,69,75,0,70,1,276000.0
2023,3,2,75,75,0,70,1,165600.0
2023,3,2,33,75,0,70,1,118956.0
2023,2,2,47,75,0,70,1,133400.0
2022,3,2,33,75,100,70,1,92000.0
2023,2,2,25,75,100,70,1,48300.0
2023,3,2,33,75,100,70,1,174800.0
2023,3,2,89,75,0,70,1,125120.0
2022,3,2,47,75,0,70,1,171028.0
2022,0,2,27,60,0,57,1,18400.0
2023,3,2,37,75,0,70,1,128800.0
2021,2,2,47,75,100,70,1,138000.0
2021,2,2,33,29,50,28,0,66435.04000000001
2022,3,2,25,75,100,70,1,217672.0
2022,0,2,47,75,100,70,1,154560.0
2022,0,2,47,75,100,70,1,165600.0
2022,0,2,72,20,50,20,0,60896.64
2023,3,2,33,75,0,70,1,154173.6
2022,2,2,33,29,0,28,1,45312.76
2023,3,2,38,75,0,70,1,83444.0
2020,0,2,33,39,100,38,0,12413.56
2020,2,2,47,26,100,25,1,35673.92
2023,3,2,4,75,0,70,1,132351.2
2023,1,2,33,75,0,70,1,106260.0
2022,3,2,47,75,100,70,1,193200.0
2022,1,2,45,75,0,70,1,239660.0
2021,2,2,69,26,100,25,2,43499.44
2023,3,2,33,75,100,70,1,189152.0
2023,3,2,47,75,0,70,1,171120.0
2022,3,2,47,75,100,70,1,176157.0
2022,3,2,89,75,100,70,1,276000.0
2023,1,2,33,75,0,70,1,154100.0
2022,3,2,25,75,100,70,1,106659.28
2023,3,2,33,75,0,70,1,105800.0
2022,2,2,69,75,0,70,1,138000.0
2022,2,2,25,29,0,28,1,56640.72
2023,3,2,33,75,0,70,1,130272.0
2022,3,2,25,75,0,70,1,92000.0
2021,3,2,33,75,0,70,1,151800.0
2022,3,2,33,63,0,60,1,57996.8
2022,3,2,25,75,100,70,1,177100.0
2023,3,2,47,75,0,70,1,118956.0
2022,3,2,31,75,100,70,1,124200.0
2023,3,2,25,75,100,70,1,79548.72
2023,2,2,33,75,0,70,1,134320.0
2023,2,2,29,75,0,70,1,142600.0
2021,3,2,23,10,0,10,1,17394.440000000002
2022,3,2,31,75,100,70,1,174800.0
2021,0,2,33,39,50,38,1,19906.04
2023,3,2,47,75,0,70,1,174800.0
2021,2,2,66,44,50,42,2,58614.12
2023,3,2,31,75,100,70,1,147200.0
2023,3,2,47,75,0,70,1,128340.0
2023,0,2,33,75,0,70,1,147200.0
2022,3,2,25,75,100,70,1,116380.0
2022,0,2,17,75,50,70,0,44160.0
2021,2,2,47,75,50,70,0,135240.0
2023,3,2,47,75,100,70,1,156400.0
2021,2,2,33,75,100,70,0,184000.0
2022,3,2,47,75,100,70,1,130203.0
2023,3,2,69,49,0,46,1,71081.04000000001
2023,3,2,33,75,0,70,1,105800.0
2023,2,2,72,29,0,28,0,67080.88
2023,3,2,89,75,0,70,1,230000.0
2022,2,2,25,75,0,70,2,53360.0
2022,3,2,8,75,100,70,1,131376.0
2021,0,2,16,39,100,38,0,14929.76
2023,2,2,25,29,0,28,1,44720.28
2022,2,2,79,61,100,58,2,40815.8
2022,3,2,4,75,0,70,1,139840.0
2022,3,2,69,75,100,70,1,226320.0
2022,3,2,33,26,0,25,1,38663.92
2023,3,2,33,75,100,70,1,170200.0
2021,2,2,5,29,50,12,0,49898.96
2022,3,2,33,75,0,70,1,133400.0
2022,1,2,63,11,100,12,2,106004.24
2022,3,2,25,75,100,70,1,103868.0
2023,3,2,25,75,0,70,1,97060.0
2023,3,2,33,75,0,70,1,151800.0
2023,3,2,47,18,50,23,0,58247.04
2022,2,2,47,75,100,70,0,142600.0
2023,3,2,33,75,0,70,1,165600.0
2023,2,2,47,29,0,28,1,67080.88
2023,2,2,33,75,0,70,1,133400.0
2023,3,2,33,75,100,70,1,156400.0
2022,3,2,25,75,100,70,1,86204.0
2022,3,2,47,75,0,70,1,119600.0
2022,3,2,33,26,0,25,1,62829.560000000005
2023,3,2,25,75,0,70,1,124200.0
2023,1,2,33,75,100,70,1,219880.0
2022,3,2,25,75,0,70,1,119600.0
2022,3,2,33,75,100,70,1,230000.0
2023,3,2,47,75,100,70,1,77280.0
2022,3,2,25,75,0,70,1,106659.28
2021,0,2,33,75,100,70,0,73600.0
2022,3,2,25,75,100,70,1,106659.28
2022,0,2,5,4,50,5,1,46000.0
2021,0,2,74,75,100,70,0,207000.0
2022,3,2,25,75,100,70,1,100537.6
2023,3,2,33,75,0,70,1,105340.0
2022,3,2,33,75,0,70,1,93840.0
2023,2,2,25,29,0,28,1,55900.12
2022,3,2,4,75,0,70,1,230000.0
2022,3,2,31,75,100,70,1,124200.0
2023,3,2,25,75,0,70,1,87400.0
2021,3,2,47,75,0,70,0,124200.0
2023,3,2,33,75,0,70,1,128340.0
2022,3,2,33,75,100,70,1,92000.0
2021,0,2,47,75,100,70,1,73600.0
2023,3,2,47,75,0,70,1,106204.8
2023,3,2,25,75,0,70,1,184000.0
2023,3,2,47,75,0,70,1,158332.0
2022,0,2,25,11,0,12,1,47840.0
2023,3,2,25,75,0,70,1,133400.0
2022,2,2,33,75,0,70,1,87400.0
2022,3,2,89,75,0,70,1,137862.0
2022,3,2,33,75,0,70,1,239200.0
2023,3,2,33,75,100,70,1,152720.0
2023,3,2,47,75,0,70,1,115920.0
2021,2,2,47,75,0,70,0,67160.0
2022,3,2,33,75,100,70,1,138000.0
2022,3,2,47,75,100,70,1,141312.0
2021,2,2,27,75,100,70,0,101200.0
2022,3,2,33,75,0,70,1,87400.0
2022,2,2,45,75,100,70,1,145360.0
2023,3,2,47,75,0,70,1,291704.4
2022,2,2,47,75,100,70,1,138000.0
2023,3,2,25,75,100,70,1,119600.0
2022,3,2,39,75,100,70,1,60720.0
2022,2,2,47,29,0,28,1,39648.32
2023,3,2,69,75,100,70,1,195224.0
2023,2,2,25,75,0,70,1,92000.0
2022,3,2,89,75,100,70,1,138000.0
2023,3,2,29,75,0,70,1,127788.0
2022,0,2,33,29,100,28,1,56640.72
2021,0,2,42,75,100,70,2,82800.0
2022,3,2,33,75,0,70,1,180044.0
2022,2,2,33,29,100,28,1,62305.16
2023,3,2,21,75,100,70,0,156400.0
2023,3,2,33,75,0,70,1,268180.0
2022,1,2,53,11,50,12,0,176674.04
2022,3,2,33,75,0,70,1,138000.0
2022,3,2,47,75,100,70,1,128800.0
2023,0,2,25,75,100,70,1,78200.0
2023,2,2,25,75,0,70,1,73600.0
2022,0,2,33,29,100,28,1,45312.76
2023,3,2,47,75,0,70,1,123302.08
2022,3,2,69,28,100,27,1,106327.16
2022,3,2,33,75,100,70,1,73600.0
2022,3,2,8,75,100,70,1,176640.0
2022,3,2,33,75,0,70,1,129996.0
2023,2,2,88,75,0,70,1,184000.0
2022,3,2,49,75,100,70,1,64400.0
2022,3,2,33,75,100,70,1,178250.0
2023,3,2,47,75,0,70,1,149040.0
2023,2,2,47,26,0,25,1,44425.880000000005
2023,3,2,25,75,100,70,1,82800.0
2023,3,2,69,75,100,70,1,173696.0
2022,2,2,25,75,0,70,1,97759.2
2023,3,2,32,28,50,27,2,49361.68
2023,3,2,89,75,0,70,1,134596.0
2022,3,2,45,75,0,70,1,158424.0
2023,3,2,33,75,0,70,1,220800.0
2023,3,2,25,75,0,70,1,78200.0
2023,3,2,8,75,0,70,0,66240.0
2020,2,2,47,39,0,38,0,37242.52
2023,3,2,89,75,0,70,1,152490.0
2020,3,2,64,75,100,70,2,174800.0
2023,1,2,33,75,100,70,1,285200.0
2023,2,2,33,75,0,70,1,96600.0
2021,3,2,84,75,0,70,0,202400.0
2022,3,2,33,75,0,70,1,207000.0
2021,3,2,29,75,100,70,1,110400.0
2023,3,2,47,75,0,70,1,182344.0
2023,3,2,25,75,0,70,1,141312.0
2023,3,2,42,75,0,70,1,112240.0
2022,0,2,33,75,0,70,1,147200.0
2023,3,2,31,75,100,70,1,137116.80000000002
2023,2,0,66,75,100,70,2,27600.0
2022,3,2,33,11,0,12,1,163760.0
2023,3,2,47,75,0,70,1,147200.0
2021,2,2,47,20,50,5,1,56549.64
2022,3,2,33,75,100,70,1,115920.0
2023,3,2,47,75,0,70,1,138000.0
2022,3,2,33,75,100,70,1,152168.0
2022,0,2,33,60,100,20,1,51037.0
2021,2,2,89,19,50,19,0,64399.08
2023,2,2,25,75,100,70,1,87400.0
2021,2,2,12,35,50,70,0,33358.28
2022,3,2,25,75,0,70,1,48300.0
2023,3,2,47,75,100,70,1,77280.0
2022,3,2,69,75,100,70,1,193200.0
2023,2,2,69,75,0,70,1,116174.84
2022,3,2,33,75,100,70,1,224388.0
2021,0,2,47,75,50,70,0,53360.0
2023,3,2,66,75,100,70,1,215372.0
2022,3,2,69,57,100,54,0,55096.96
2022,3,2,33,75,100,70,1,132480.0
2023,3,2,33,75,0,70,1,253000.0
2023,2,2,25,75,0,70,1,147200.0
2023,0,2,33,77,0,71,0,11040.0
2021,0,3,3,60,100,70,1,11040.0
2023,3,2,37,75,100,70,1,79120.0
2023,3,2,25,75,0,70,1,97538.4
2023,3,2,47,75,0,70,1,139840.0
2023,3,2,33,75,100,70,1,82800.0
2023,2,2,33,75,0,70,1,128800.0
2022,0,2,33,75,100,70,2,59800.0
2023,3,2,44,75,0,70,1,207828.0
2023,3,2,33,75,100,70,1,172500.0
2022,2,2,17,10,100,10,1,8545.880000000001
2022,3,2,8,75,100,70,1,130203.0
2022,3,2,11,56,100,53,2,184000.0
2023,3,2,47,75,0,70,1,137149.92
2023,3,2,47,75,100,70,1,151800.0
2023,3,2,37,75,0,70,1,183080.0
2022,2,2,25,75,100,70,1,153640.0
2022,3,2,33,26,0,25,1,62829.560000000005
2022,3,2,33,75,100,70,1,152168.0
2023,3,2,25,75,0,70,1,129986.8
2020,3,2,71,11,50,12,0,107735.68
2022,3,2,33,26,0,25,1,33831.16
2023,3,2,33,75,0,70,1,119600.0
2023,3,2,31,75,100,70,1,165600.0
2023,3,2,69,75,0,70,1,188140.0
2020,2,2,17,75,100,70,0,124200.0
2020,2,2,25,60,50,57,0,7360.0
2023,3,2,35,75,0,70,1,207000.0
2023,3,2,47,75,0,70,1,75775.8
2023,2,2,29,75,0,70,1,142600.0
2022,3,2,69,75,100,70,1,165600.0
2021,0,2,72,39,100,38,1,11197.32
2023,3,2,42,75,0,70,1,133400.0
2022,3,2,47,75,100,70,1,142600.0
2022,3,2,33,75,100,70,1,161000.0
2022,3,2,25,75,0,70,1,78844.0
2023,0,2,33,75,0,70,1,147200.0
2022,2,2,69,29,0,28,1,84962.0
2022,3,2,33,75,100,70,0,192372.0
2023,3,2,33,75,0,70,1,285200.0
2023,3,2,25,75,0,70,1,155480.0
2022,3,2,44,75,50,70,2,151800.0
2023,3,2,25,75,0,70,1,98256.0
2023,2,2,69,75,0,70,1,82800.0
2022,2,2,33,29,0,28,1,67969.6
2023,3,2,47,75,100,70,1,182344.0
2022,3,2,31,75,100,70,1,174800.0
2021,3,2,33,75,100,70,0,184000.0
2021,2,2,25,75,100,70,1,82800.0
2022,3,2,47,75,0,70,1,161000.0
2022,3,2,29,57,0,54,0,122360.0
2022,3,2,33,75,0,70,1,110400.0
2023,0,2,69,75,0,70,1,150140.32
2023,2,2,33,75,0,70,1,128800.0
2023,2,2,33,75,0,70,1,138920.0
2022,1,2,4,75,100,70,1,161000.0
2022,3,2,31,75,100,70,0,179768.0
2023,3,2,25,75,0,70,1,101200.0
2022,3,2,69,28,50,27,0,77328.76000000001
2021,3,2,25,59,100,56,2,46000.0
2022,3,2,47,75,0,70,1,110400.0
2023,3,2,33,75,0,70,1,114760.8
2023,2,2,33,75,0,70,1,119600.0
2023,0,2,13,75,100,70,1,55200.0
2022,3,2,47,75,100,70,1,93444.4
2023,3,2,69,75,0,70,1,128340.0
2023,2,2,33,75,0,70,1,115000.0
2022,2,2,40,75,100,70,1,92000.0
2021,2,2,25,75,100,70,0,73600.0
2022,3,2,25,11,100,12,1,56396.0
2023,3,2,69,75,0,70,1,128340.0
2022,2,2,4,75,100,70,1,99360.0
2023,2,2,69,1,0,2,2,46000.0
2022,3,2,31,75,100,70,1,165600.0
2023,3,2,33,75,100,70,1,147200.0
2023,2,2,33,75,100,70,1,87400.0
2022,3,2,33,75,0,70,1,120060.0
2022,2,2,47,29,0,28,1,84962.0
2022,3,2,69,75,100,70,1,193200.0
2022,3,2,47,75,0,70,1,64400.0
2023,2,2,25,11,100,12,1,92000.0
2023,3,2,89,75,0,70,1,230000.0
2022,3,2,47,75,0,70,1,225400.0
2023,3,2,47,75,0,70,1,161000.0
2020,0,2,33,39,100,38,0,12413.56
2022,3,2,25,75,100,70,1,86204.0
2022,2,2,45,75,100,70,1,123280.0
2023,3,2,66,11,100,12,1,239200.0
2022,3,2,75,11,100,12,1,228528.0
2023,3,2,31,75,100,70,1,184000.0
2022,3,2,25,75,0,70,1,92000.0
2022,3,2,45,75,0,70,1,170568.0
2022,3,2,33,75,0,70,1,119600.0
2022,2,2,47,29,100,28,1,121211.84
2022,3,2,33,63,0,60,1,33831.16
2021,0,2,42,20,100,20,2,70686.36
2023,2,2,69,29,100,28,1,69316.48
2023,3,2,69,75,0,70,1,186164.76
2022,3,2,33,75,0,70,1,171028.0
2023,3,2,47,75,100,70,1,133400.0
2023,2,2,69,75,100,70,1,161000.0
2023,2,2,62,75,0,70,0,62560.0
2022,3,2,31,75,100,70,1,207000.0
2023,3,2,11,75,0,70,1,101200.0
2023,3,2,33,75,100,70,1,134320.0
2022,3,2,47,75,100,70,0,147200.0
2023,3,2,33,75,0,70,1,128800.0
2022,3,2,33,75,100,70,1,121440.0
2022,3,2,25,75,0,70,1,109480.0
2023,3,2,33,75,0,70,1,147200.0
2023,3,2,33,75,0,70,1,105800.0
2022,2,2,47,10,100,10,1,49680.0
2023,3,2,33,75,0,70,1,218960.0
2022,3,2,33,75,100,70,1,119048.0
2023,3,2,69,75,0,70,1,100648.0
2022,3,2,33,75,100,70,1,147200.0
2023,0,2,17,26,0,25,1,19744.120000000003
2023,3,2,33,75,0,70,1,133400.0
2022,2,2,33,75,100,70,1,147200.0
2023,3,2,33,75,100,70,1,253920.0
2022,3,2,47,75,100,70,1,98440.0
2023,3,2,33,75,0,70,1,231840.0
2023,3,2,33,75,0,70,1,80941.6
2023,3,2,33,75,0,70,1,231840.0
2023,2,2,47,75,100,70,1,47805.04
2022,3,2,47,75,100,70,1,130203.0
2022,3,2,47,75,100,70,1,170200.0
2023,3,2,31,75,0,70,1,96784.0
2023,2,2,25,75,0,70,1,115000.0
2021,0,2,25,75,100,70,2,82800.0
2023,3,2,33,75,0,70,1,231840.0
2022,3,2,31,75,100,70,1,245088.0
2023,3,2,33,75,100,70,1,98256.0
2022,3,2,33,75,100,70,1,212750.0
2023,3,2,69,75,0,70,1,188140.0
2022,3,2,47,75,100,70,1,168130.0
2023,3,2,31,75,100,70,1,105800.0
2023,3,2,25,75,0,70,1,154928.0
2023,3,2,31,75,0,70,1,160540.0
2022,2,2,40,75,100,70,1,55200.0
2022,3,2,25,75,0,70,1,101752.0
2023,3,2,8,75,0,70,0,125120.0
2023,3,2,33,75,100,70,1,78200.0
2023,3,2,69,75,100,70,1,184000.0
2022,3,2,47,75,0,70,1,118956.0
2022,0,2,89,75,100,70,0,110400.0
2023,2,2,33,75,0,70,1,92000.0
2022,3,2,7,28,100,28,0,70949.48
2022,2,2,89,4,0,5,0,57029.880000000005
2023,3,2,47,75,0,70,1,193200.0
2022,3,2,25,75,100,70,1,75132.72
2022,3,2,45,75,100,70,1,276000.0
2022,0,1,69,41,100,40,1,92000.0
2023,3,2,23,75,0,70,1,169822.80000000002
2022,3,2,14,75,100,70,0,119600.0
2022,3,2,31,75,0,70,1,211968.0
2021,0,2,25,75,100,70,1,46000.0
2023,3,2,33,75,100,70,1,147200.0
2022,3,2,33,75,0,70,1,120060.0
2023,2,2,25,75,0,70,1,119600.0
2022,3,2,47,26,0,25,1,43497.6
2023,3,2,69,75,0,70,1,115920.0
2022,3,2,4,75,0,70,1,57960.0
2022,3,2,47,75,0,70,1,171028.0
2022,3,2,33,75,100,70,1,73600.0
2022,3,2,74,75,0,70,1,178388.0
2022,0,2,25,75,50,70,0,46000.0
2023,3,2,47,75,0,70,0,219880.0
2022,3,2,33,75,100,70,1,178480.0
2022,3,2,47,75,0,70,1,143888.0
2023,3,2,33,75,0,70,1,118680.0
2022,2,2,69,75,0,70,1,82800.0
2023,3,2,25,75,100,70,1,47805.04
2022,3,2,25,75,0,70,1,101752.0
2022,2,2,33,31,100,30,1,77328.76000000001
2022,3,2,8,75,100,70,1,180320.0
2023,3,2,33,75,100,70,1,99268.0
2021,3,2,47,28,50,27,0,48936.64
2022,2,2,33,29,100,28,1,90625.52
2023,0,2,1,6,50,7,2,110400.0
2022,3,2,47,75,100,70,1,165048.0
2023,3,2,31,75,100,70,1,184000.0
2021,2,2,47,65,100,20,2,23489.44
2022,3,2,69,75,0,70,1,188140.0
2023,2,2,25,75,0,70,1,78200.0
2021,3,2,83,75,100,70,0,170200.0
2022,3,2,47,75,100,70,1,117760.0
2022,3,2,4,75,100,70,1,124200.0
2023,3,2,33,75,0,70,1,128800.0
2023,3,2,33,75,100,70,1,147200.0
2023,3,2,25,75,100,70,1,161000.0
2022,0,2,49,14,100,70,0,96600.0
2021,3,2,25,8,100,70,2,73600.0
2022,3,2,47,26,0,25,1,34798.08
2022,3,2,33,75,0,70,1,105800.0
2023,3,2,69,75,0,70,1,115920.0
2023,3,2,25,75,100,70,1,92000.0
2020,0,2,25,75,100,70,0,66240.0
2022,3,2,47,75,100,70,1,176157.0
2023,0,2,89,75,0,70,1,138000.0
2022,3,2,33,75,0,70,1,134320.0
2023,3,2,88,20,0,20,1,253000.0
2022,3,2,25,75,100,70,1,102051.0
2023,3,2,33,75,100,70,1,147200.0
2023,3,2,25,75,0,70,1,101752.0
2022,3,2,4,75,100,70,1,127650.0
2023,2,2,29,75,0,70,1,128800.0
2023,3,2,33,75,100,70,1,165600.0
2022,3,2,33,75,0,70,1,169372.0
2022,3,2,47,75,100,70,1,128800.0
2021,2,2,7,77,100,70,1,35328.0
2023,3,2,47,75,100,70,1,125120.0
2022,2,2,33,75,0,70,1,133400.0
2023,3,2,69,29,0,28,1,179999.84
2022,3,2,25,75,100,70,1,92000.0
2023,3,2,8,75,100,70,1,180320.0
2023,2,2,29,75,0,70,1,128800.0
2021,0,3,3,10,100,70,2,11040.0
2022,3,2,4,75,0,70,1,230000.0
2022,3,2,25,75,0,70,1,75132.72
2022,2,2,58,24,100,23,2,28998.4
2022,3,2,69,75,0,70,1,188140.0
2023,2,2,25,75,0,70,1,100280.0
2023,3,2,33,75,0,70,1,133400.0
2023,3,2,25,75,0,70,1,98256.0
2023,2,2,31,75,0,70,1,97980.0
2022,3,2,25,29,0,28,1,64571.12
2023,3,2,33,75,100,70,1,153824.0
2022,3,2,49,75,100,70,0,136804.0
2023,3,2,33,75,0,70,1,176640.0
2023,3,2,69,75,100,70,1,138000.0
2023,3,2,25,75,0,70,1,165765.6
2023,1,2,33,75,100,70,1,285200.0
2021,2,2,89,28,50,27,1,57637.08
2022,2,2,69,28,100,20,1,77328.76000000001
